kolkataff.in,1000
mangabuff.ru,1000
wildberries.ru,1000
google.co.in,1000
m.tabor.ru,1000
uidai.gov.in,1000
ya.ru,1000
gismeteo.ru,1000
shopee.com.br,1000
passbook.epfindia.gov.in,1000
brainly.in,1000
musicza.co.za,1000
screener.in,1000
mercadolivre.com.br,1000
tudogostoso.com.br,1000
terra.com.br,1000
unifiedportal-mem.epfindia.gov.in,1000
nregastrep.nic.in,1000
m.avito.ru,1000
indiatoday.in,1000
eportal.incometax.gov.in,1000
services.gst.gov.in,1000
auto.drom.ru,1000
avito.ru,1000
dzen.ru,1000
m.beboo.ru,1000
letras.mus.br,1000
sso.acesso.gov.br,1000
betway.co.za,1000
uucms.karnataka.gov.in,1000
results.eci.gov.in,1000
login.caixa.gov.br,1000
google.com.br,1000
mnregaweb4.nic.in,1000
esaj.tjsp.jus.br,1000
mail.ru,1000
gov.br,1000
livescore.in,1000
lotterysambadresult.in,1000
sattasport.in,1000
uol.com.br,1000
ndtv.in,1000
xvideosporno.blog.br,1000
amazon.com.br,1000
return.gst.gov.in,1000
brainly.com.br,1000
imgsrc.ru,1000
produto.mercadolivre.com.br,1000
m.ok.ru,1000
olx.com.br,1000
m.magazineluiza.com.br,1000
pikabu.ru,1000
flashscore.com.br,1000
pmkisan.gov.in,1000
aajtak.in,1000
satta-king-fixed-no.in,1000
ozon.ru,1000
jusbrasil.com.br,1000
cursos.alura.com.br,1000
amazon.in,1000
spboss.in,1000
hibiny.ru,1000
google.ru,5000
unisa.ac.za,5000
queropassagem.com.br,5000
elo7.com.br,5000
netshoes.com.br,5000
kaluga-poisk.ru,5000
mk.ru,5000
baji999.in,5000
monitordomercado.com.br,5000
gfms.mp.gov.in,5000
pwa.indianoil.in,5000
tripadvisor.in,5000
disk.yandex.ru,5000
parivahan.gov.in,5000
webmotors.com.br,5000
hrylabour.gov.in,5000
androeed.ru,5000
online.sberbank.ru,5000
gcasstudent.gujgov.edu.in,5000
sevastopolmedia.ru,5000
nrega.nic.in,5000
social1.ne10.uol.com.br,5000
m.rp5.ru,5000
fontanka.ru,5000
sed.educacao.sp.gov.br,5000
soccer365.ru,5000
railyatri.in,5000
hh.ru,5000
pravda.ru,5000
pfms.nic.in,5000
iobnet.co.in,5000
doramalive.ru,5000
mausam.imd.gov.in,5000
exams.nta.ac.in,5000
news.rambler.ru,5000
ria.ru,5000
ssc.nic.in,5000
xvideos10.blog.br,5000
rajbhawanyogapledge.in,5000
ssc.gov.in,5000
espn.com.br,5000
pciconcursos.com.br,5000
ewaybillgst.gov.in,5000
metroworldnews.com.br,5000
mail.yandex.ru,5000
netvasco.com.br,5000
redbus.in,5000
cleartax.in,5000
nobroker.in,5000
pmmvy.wcd.gov.in,5000
angelone.in,5000
itau.com.br,5000
enem.inep.gov.br,5000
americanas.com.br,5000
consultant.ru,5000
clouda.filesdl.in,5000
drntruhs.in,5000
bmvm.bihar.gov.in,5000
clickpetroleoegas.com.br,5000
seller.wildberries.ru,5000
solucoes.receita.fazenda.gov.br,5000
madeiramadeira.com.br,5000
zr.ru,5000
channel.skyrummy.in,5000
myaadhaar.uidai.gov.in,5000
vuzopedia.ru,5000
unionbankonline.co.in,5000
lance.com.br,5000
m.lenta.ru,5000
cets.apsche.ap.gov.in,5000
m.dzen.ru,5000
careerpower.in,5000
kino-teatr.ru,5000
forum.matrp.ru,5000
scholarships.gov.in,5000
ibpj.sicredi.com.br,5000
portal6.com.br,5000
otvet.mail.ru,5000
neet.ntaonline.in,5000
t.rasp.yandex.ru,5000
irecommend.ru,5000
bmcnews.com.br,5000
jalshamoviez.cs.in,5000
detran.sp.gov.br,5000
mojapp.in,5000
mos.ru,5000
apply.tnpscexams.in,5000
majhinaukri.in,5000
