domain,subject,issuer,version,serial_number,not_before,not_after
kolkataff.in,CN=kolkataff.in,"CN=WE1,O=Google Trust Services,C=US",v3,174710275740402483018082036025948995506,2024-06-29 00:39:03,2024-09-27 00:39:02
kolkataff.in,"CN=WE1,O=Google Trust Services,C=US","CN=GTS Root R4,O=Google Trust Services LLC,C=US",v3,170074200136485300614847617070429275619,2023-12-13 09:00:00,2029-02-20 14:00:00
kolkataff.in,"CN=GTS Root R4,O=Google Trust Services LLC,C=US","CN=GlobalSign Root CA,OU=Root CA,O=GlobalSign nv-sa,C=BE",v3,170001980149335831901244157168837298715,2023-11-15 03:43:21,2028-01-28 00:00:42
mangabuff.ru,CN=mangabuff.ru,"CN=WE1,O=Google Trust Services,C=US",v3,109900802677497278303370698000551850432,2024-07-24 23:41:56,2024-10-22 23:41:55
mangabuff.ru,"CN=WE1,O=Google Trust Services,C=US","CN=GTS Root R4,O=Google Trust Services LLC,C=US",v3,170074200136485300614847617070429275619,2023-12-13 09:00:00,2029-02-20 14:00:00
mangabuff.ru,"CN=GTS Root R4,O=Google Trust Services LLC,C=US","CN=GlobalSign Root CA,OU=Root CA,O=GlobalSign nv-sa,C=BE",v3,170001980149335831901244157168837298715,2023-11-15 03:43:21,2028-01-28 00:00:42
wildberries.ru,CN=*.wildberries.ru,"CN=GlobalSign GCC R6 AlphaSSL CA 2023,O=GlobalSign nv-sa,C=BE",v3,23595254951716814118184925090,2024-06-18 08:12:14,2025-07-20 08:12:13
wildberries.ru,"CN=GlobalSign,O=GlobalSign,OU=GlobalSign Root CA - R6","CN=GlobalSign,O=GlobalSign,OU=GlobalSign Root CA - R6",v3,1417766617973444989252670301619537,2014-12-10 00:00:00,2034-12-10 00:00:00
wildberries.ru,"CN=GlobalSign,O=GlobalSign,OU=GlobalSign Root CA - R6","CN=GlobalSign Root CA,OU=Root CA,O=GlobalSign nv-sa,C=BE",v3,155676729040890238189024451768220428940,2019-06-19 00:00:00,2028-01-28 12:00:00
wildberries.ru,"CN=GlobalSign GCC R6 AlphaSSL CA 2023,O=GlobalSign nv-sa,C=BE","CN=GlobalSign,O=GlobalSign,OU=GlobalSign Root CA - R6",v3,168973820516572524429807138621339950720,2023-07-19 03:43:25,2026-07-19 00:00:00
google.co.in,CN=*.google.co.in,"CN=WR2,O=Google Trust Services,C=US",v3,99623928646973390411111457718545621607,2024-07-30 12:53:02,2024-10-22 12:53:01
google.co.in,"CN=WR2,O=Google Trust Services,C=US","CN=GTS Root R1,O=Google Trust Services LLC,C=US",v3,170058220837755766831192027518741805976,2023-12-13 09:00:00,2029-02-20 14:00:00
google.co.in,"CN=GTS Root R1,O=Google Trust Services LLC,C=US","CN=GlobalSign Root CA,OU=Root CA,O=GlobalSign nv-sa,C=BE",v3,159159747900478145820483398898491642637,2020-06-19 00:00:42,2028-01-28 00:00:42
m.tabor.ru,CN=*.tabor.ru,"CN=GlobalSign GCC R3 DV TLS CA 2020,O=GlobalSign nv-sa,C=BE",v3,15215302097697646488982081023,2024-03-16 11:23:18,2025-04-17 11:23:17
m.tabor.ru,"CN=GlobalSign GCC R3 DV TLS CA 2020,O=GlobalSign nv-sa,C=BE","CN=GlobalSign,O=GlobalSign,OU=GlobalSign Root CA - R3",v3,159159760133684200934995208963191631770,2020-07-28 00:00:00,2029-03-18 00:00:00
m.tabor.ru,"CN=GlobalSign,O=GlobalSign,OU=GlobalSign Root CA - R3","CN=GlobalSign,O=GlobalSign,OU=GlobalSign Root CA - R3",v3,4835703278459759426209954,2009-03-18 10:00:00,2029-03-18 10:00:00
uidai.gov.in,"CN=*.uidai.gov.in,O=UNIQUE IDENTIFICATION AUTHORITY OF INDIA,L=Bangalore,ST=Karnataka,C=IN","CN=emSign SSL CA - G1,O=eMudhra Technologies Limited,OU=emSign PKI,C=IN",v3,438342447859593751041277022877635365,2024-07-18 11:56:27,2025-08-12 11:56:27
uidai.gov.in,"CN=emSign SSL CA - G1,O=eMudhra Technologies Limited,OU=emSign PKI,C=IN","CN=emSign Root CA - G1,O=eMudhra Technologies Limited,OU=emSign PKI,C=IN",v3,158103984135515362304145,2018-02-18 18:30:00,2033-02-18 18:30:00
uidai.gov.in,"CN=emSign Root CA - G1,O=eMudhra Technologies Limited,OU=emSign PKI,C=IN","CN=emSign Root CA - G1,O=eMudhra Technologies Limited,OU=emSign PKI,C=IN",v3,235931866688319308814040,2018-02-18 18:30:00,2043-02-18 18:30:00
ya.ru,"CN=*.xn--d1acpjx3f.xn--p1ai,O=YANDEX LLC,L=Moscow,ST=Moscow,C=RU","CN=GlobalSign ECC OV SSL CA 2018,O=GlobalSign nv-sa,C=BE",v3,37391386345674715575749168679,2024-07-12 08:02:20,2025-01-09 20:59:59
ya.ru,"CN=GlobalSign ECC OV SSL CA 2018,O=GlobalSign nv-sa,C=BE","CN=GlobalSign,O=GlobalSign,OU=GlobalSign ECC Root CA - R5",v3,153000606118409493719133825244,2018-11-21 00:00:00,2028-11-21 00:00:00
ya.ru,"CN=GlobalSign,O=GlobalSign,OU=GlobalSign ECC Root CA - R5","CN=GlobalSign Root CA,OU=Root CA,O=GlobalSign nv-sa,C=BE",v3,155676728850616253395111244089319555735,2019-06-19 00:00:00,2028-01-28 12:00:00
gismeteo.ru,CN=*.gismeteo.ru,"CN=AlphaSSL CA - SHA256 - G4,O=GlobalSign nv-sa,C=BE",v3,37821326542616167045179729738,2023-09-11 12:59:50,2024-10-12 12:59:49
gismeteo.ru,"CN=AlphaSSL CA - SHA256 - G4,O=GlobalSign nv-sa,C=BE","CN=GlobalSign Root CA,OU=Root CA,O=GlobalSign nv-sa,C=BE",v3,166554658373203964493672915842458540151,2022-10-12 03:49:43,2027-10-12 00:00:00
gismeteo.ru,"CN=GlobalSign Root CA,OU=Root CA,O=GlobalSign nv-sa,C=BE","CN=GlobalSign Root CA,OU=Root CA,O=GlobalSign nv-sa,C=BE",v3,4835703278459707669005204,1998-09-01 12:00:00,2028-01-28 12:00:00
shopee.com.br,CN=*.shopee.com.br,"CN=GlobalSign GCC R6 AlphaSSL CA 2023,O=GlobalSign nv-sa,C=BE",v3,25177678501451641014242126544,2024-04-19 02:42:11,2025-05-21 02:42:10
shopee.com.br,"CN=GlobalSign GCC R6 AlphaSSL CA 2023,O=GlobalSign nv-sa,C=BE","CN=GlobalSign,O=GlobalSign,OU=GlobalSign Root CA - R6",v3,168973820516572524429807138621339950720,2023-07-19 03:43:25,2026-07-19 00:00:00
shopee.com.br,"CN=GlobalSign,O=GlobalSign,OU=GlobalSign Root CA - R6","CN=GlobalSign Root CA,OU=Root CA,O=GlobalSign nv-sa,C=BE",v3,155676729040890238189024451768220428940,2019-06-19 00:00:00,2028-01-28 12:00:00
shopee.com.br,"CN=GlobalSign Root CA,OU=Root CA,O=GlobalSign nv-sa,C=BE","CN=GlobalSign Root CA,OU=Root CA,O=GlobalSign nv-sa,C=BE",v3,4835703278459707669005204,1998-09-01 12:00:00,2028-01-28 12:00:00
passbook.epfindia.gov.in,"CN=*.epfindia.gov.in,O=EMPLOYEES PROVIDENT FUND ORGANISATION,L=New Delhi,ST=Delhi,C=IN","CN=GeoTrust TLS RSA CA G1,OU=www.digicert.com,O=DigiCert Inc,C=US",v3,9465501515815995653109400428468785333,2024-01-03 00:00:00,2025-01-17 23:59:59
passbook.epfindia.gov.in,"CN=GeoTrust TLS RSA CA G1,OU=www.digicert.com,O=DigiCert Inc,C=US","CN=DigiCert Global Root G2,OU=www.digicert.com,O=DigiCert Inc,C=US",v3,17318747245906231087668175401711030649,2017-11-02 12:23:37,2027-11-02 12:23:37
passbook.epfindia.gov.in,"CN=DigiCert Global Root G2,OU=www.digicert.com,O=DigiCert Inc,C=US","CN=DigiCert Global Root G2,OU=www.digicert.com,O=DigiCert Inc,C=US",v3,4293743540046975378534879503202253541,2013-08-01 12:00:00,2038-01-15 12:00:00
brainly.in,CN=brainly.in,"CN=WE1,O=Google Trust Services,C=US",v3,63952083012739397144852691612542699276,2024-06-12 04:24:00,2024-09-10 04:23:59
brainly.in,"CN=WE1,O=Google Trust Services,C=US","CN=GTS Root R4,O=Google Trust Services LLC,C=US",v3,170074200136485300614847617070429275619,2023-12-13 09:00:00,2029-02-20 14:00:00
brainly.in,"CN=GTS Root R4,O=Google Trust Services LLC,C=US","CN=GlobalSign Root CA,OU=Root CA,O=GlobalSign nv-sa,C=BE",v3,170001980149335831901244157168837298715,2023-11-15 03:43:21,2028-01-28 00:00:42
musicza.co.za,CN=musicza.co.za,"CN=WE1,O=Google Trust Services,C=US",v3,204961591008214803212637082219839561609,2024-06-22 13:29:18,2024-09-20 14:29:16
musicza.co.za,"CN=WE1,O=Google Trust Services,C=US","CN=GTS Root R4,O=Google Trust Services LLC,C=US",v3,170074200136485300614847617070429275619,2023-12-13 09:00:00,2029-02-20 14:00:00
musicza.co.za,"CN=GTS Root R4,O=Google Trust Services LLC,C=US","CN=GlobalSign Root CA,OU=Root CA,O=GlobalSign nv-sa,C=BE",v3,170001980149335831901244157168837298715,2023-11-15 03:43:21,2028-01-28 00:00:42
screener.in,CN=www.screener.in,"CN=ZeroSSL RSA Domain Secure Site CA,O=ZeroSSL,C=AT",v3,108038695398851782588879650309175143759,2024-06-05 00:00:00,2024-09-03 23:59:59
screener.in,"CN=ZeroSSL RSA Domain Secure Site CA,O=ZeroSSL,C=AT","CN=USERTrust RSA Certification Authority,O=The USERTRUST Network,L=Jersey City,ST=New Jersey,C=US",v3,144001454485138227352869355710675080895,2020-01-30 00:00:00,2030-01-29 23:59:59
mercadolivre.com.br,CN=*.mercadolivre.com.br,"CN=Amazon RSA 2048 M02,O=Amazon,C=US",v3,9286416247346593545395077004758504862,2023-12-05 00:00:00,2025-01-03 23:59:59
mercadolivre.com.br,"CN=Amazon RSA 2048 M02,O=Amazon,C=US","CN=Amazon Root CA 1,O=Amazon,C=US",v3,166129353110899469622597955040406457904926625,2022-08-23 22:25:30,2030-08-23 22:25:30
mercadolivre.com.br,"CN=Amazon Root CA 1,O=Amazon,C=US","CN=Starfield Services Root Certificate Authority - G2,O=Starfield Technologies\, Inc.,L=Scottsdale,ST=Arizona,C=US",v3,144918191876577076464031512351042010504348870,2015-05-25 12:00:00,2037-12-31 01:00:00
mercadolivre.com.br,"CN=Starfield Services Root Certificate Authority - G2,O=Starfield Technologies\, Inc.,L=Scottsdale,ST=Arizona,C=US","OU=Starfield Class 2 Certification Authority,O=Starfield Technologies\, Inc.,C=US",v3,12037640545166866303,2009-09-02 00:00:00,2034-06-28 17:39:16
tudogostoso.com.br,"CN=tudogostoso.com.br,O=Cloudflare\, Inc.,L=San Francisco,ST=California,C=US","CN=Cloudflare Inc ECC CA-3,O=Cloudflare\, Inc.,C=US",v3,5726671104966345001121287422749554739,2024-02-14 00:00:00,2024-12-31 23:59:59
tudogostoso.com.br,"CN=Cloudflare Inc ECC CA-3,O=Cloudflare\, Inc.,C=US","CN=Baltimore CyberTrust Root,OU=CyberTrust,O=Baltimore,C=IE",v3,13580602362388610137601344763287833660,2020-01-27 12:48:08,2024-12-31 23:59:59
terra.com.br,"CN=terra.com.br,O=Terra Networks Brasil LTDA,ST=SÃ£o Paulo,C=BR","CN=Valid Certificadora RSA OV SSL CA,O=Valid Certificadora Digital LTDA,C=BR",v3,197124599940115220929290017068019639069,2024-05-29 00:00:00,2025-05-29 23:59:59
terra.com.br,"CN=AAA Certificate Services,O=Comodo CA Limited,L=Salford,ST=Greater Manchester,C=GB","CN=AAA Certificate Services,O=Comodo CA Limited,L=Salford,ST=Greater Manchester,C=GB",v3,1,2004-01-01 00:00:00,2028-12-31 23:59:59
terra.com.br,"CN=Valid Certificadora RSA OV SSL CA,O=Valid Certificadora Digital LTDA,C=BR","CN=USERTrust RSA Certification Authority,O=The USERTRUST Network,L=Jersey City,ST=New Jersey,C=US",v3,284244393672895132608218993683939739268,2023-08-02 00:00:00,2033-08-01 23:59:59
unifiedportal-mem.epfindia.gov.in,"CN=*.epfindia.gov.in,O=EMPLOYEES PROVIDENT FUND ORGANISATION,L=New Delhi,ST=Delhi,C=IN","CN=GeoTrust TLS RSA CA G1,OU=www.digicert.com,O=DigiCert Inc,C=US",v3,9465501515815995653109400428468785333,2024-01-03 00:00:00,2025-01-17 23:59:59
unifiedportal-mem.epfindia.gov.in,"CN=GeoTrust TLS RSA CA G1,OU=www.digicert.com,O=DigiCert Inc,C=US","CN=DigiCert Global Root G2,OU=www.digicert.com,O=DigiCert Inc,C=US",v3,17318747245906231087668175401711030649,2017-11-02 12:23:37,2027-11-02 12:23:37
unifiedportal-mem.epfindia.gov.in,"CN=DigiCert Global Root G2,OU=www.digicert.com,O=DigiCert Inc,C=US","CN=DigiCert Global Root G2,OU=www.digicert.com,O=DigiCert Inc,C=US",v3,4293743540046975378534879503202253541,2013-08-01 12:00:00,2038-01-15 12:00:00
nregastrep.nic.in,CN=nregastrep.nic.in,"CN=R3,O=Let's Encrypt,C=US",v3,348019821496189164945619494761784463038997,2024-06-06 13:12:51,2024-09-04 13:12:50
nregastrep.nic.in,"CN=R3,O=Let's Encrypt,C=US","CN=ISRG Root X1,O=Internet Security Research Group,C=US",v3,192961496339968674994309121183282847578,2020-09-04 00:00:00,2025-09-15 16:00:00
m.avito.ru,"CN=*.avito.ru,O=Limited Liability Company KEH eCommerce,L=Moscow,ST=Moscow,C=RU","CN=GlobalSign RSA OV SSL CA 2018,O=GlobalSign nv-sa,C=BE",v3,19247159688430299743068259808,2023-12-28 14:14:20,2025-01-28 14:14:19
m.avito.ru,"CN=GlobalSign RSA OV SSL CA 2018,O=GlobalSign nv-sa,C=BE","CN=GlobalSign,O=GlobalSign,OU=GlobalSign Root CA - R3",v3,153000603918210013455007253847,2018-11-21 00:00:00,2028-11-21 00:00:00
indiatoday.in,"CN=www.indiatoday.in,O=T.V. TODAY NETWORK LIMITED,L=Noida,ST=Uttar Pradesh,C=IN","CN=GeoTrust ECC CA 2018,OU=www.digicert.com,O=DigiCert Inc,C=US",v3,10061103379858356253598326669301453462,2024-02-09 00:00:00,2025-03-11 23:59:59
indiatoday.in,"CN=GeoTrust ECC CA 2018,OU=www.digicert.com,O=DigiCert Inc,C=US","CN=DigiCert Global Root CA,OU=www.digicert.com,O=DigiCert Inc,C=US",v3,20084456394114493592413865692264783194,2017-11-06 12:24:09,2027-11-06 12:24:09
eportal.incometax.gov.in,"CN=eportal.incometax.gov.in,2.5.4.5=1963-12-30,2.5.4.15=Government Entity,O=Directorate Of Income Tax Systems (Ministry of Finance),1.3.6.1.4.1.311.60.2.1.3=IN,L=Ghaziabad,ST=Uttar Pradesh,C=IN","CN=Entrust Certification Authority - L1M,OU=(c) 2014 Entrust\, Inc. - for authorized use only,OU=See www.entrust.net/legal-terms,O=Entrust\, Inc.,C=US",v3,165870463667010262425972128508657234363,2024-05-03 06:46:09,2025-05-05 06:46:08
eportal.incometax.gov.in,"CN=Entrust Certification Authority - L1M,OU=(c) 2014 Entrust\, Inc. - for authorized use only,OU=See www.entrust.net/legal-terms,O=Entrust\, Inc.,C=US","CN=Entrust Root Certification Authority - G2,OU=(c) 2009 Entrust\, Inc. - for authorized use only,OU=See www.entrust.net/legal-terms,O=Entrust\, Inc.,C=US",v3,30215777750102225331854468774,2014-12-15 15:25:03,2030-10-15 15:55:03
services.gst.gov.in,"CN=services.gst.gov.in,O=GOODS AND SERVICES TAX NETWORK,STREET=4th Floor\, East Wing World Mark-1\, Aerocity,L=New Delhi,ST=Delhi,C=IN,1.3.6.1.4.1.311.60.2.1.3=IN,2.5.4.5=Government Entities,2.5.4.15=Government Entity","CN=GlobalSign Extended Validation CA - SHA256 - G3,O=GlobalSign nv-sa,C=BE",v3,3513567657055435663963654226,2024-04-30 09:11:02,2025-06-01 09:11:01
services.gst.gov.in,"CN=GlobalSign Extended Validation CA - SHA256 - G3,O=GlobalSign nv-sa,C=BE","CN=GlobalSign,O=GlobalSign,OU=GlobalSign Root CA - R3",v3,1473327796444751899236096917215611,2016-09-21 00:00:00,2026-09-21 00:00:00
services.gst.gov.in,"CN=GlobalSign,O=GlobalSign,OU=GlobalSign Root CA - R3","CN=GlobalSign,O=GlobalSign,OU=GlobalSign Root CA - R3",v3,4835703278459759426209954,2009-03-18 10:00:00,2029-03-18 10:00:00
auto.drom.ru,"CN=drom.ru,O=OOO Amayama Avto,L=Vladivostok,ST=Primorsky Krai,C=RU","CN=GlobalSign RSA OV SSL CA 2018,O=GlobalSign nv-sa,C=BE",v3,26661605695645781575446147530,2023-12-14 07:42:07,2025-01-14 07:42:06
auto.drom.ru,"CN=GlobalSign RSA OV SSL CA 2018,O=GlobalSign nv-sa,C=BE","CN=GlobalSign,O=GlobalSign,OU=GlobalSign Root CA - R3",v3,153000603918210013455007253847,2018-11-21 00:00:00,2028-11-21 00:00:00
avito.ru,"CN=*.avito.ru,O=Limited Liability Company KEH eCommerce,L=Moscow,ST=Moscow,C=RU","CN=GlobalSign RSA OV SSL CA 2018,O=GlobalSign nv-sa,C=BE",v3,19247159688430299743068259808,2023-12-28 14:14:20,2025-01-28 14:14:19
avito.ru,"CN=GlobalSign RSA OV SSL CA 2018,O=GlobalSign nv-sa,C=BE","CN=GlobalSign,O=GlobalSign,OU=GlobalSign Root CA - R3",v3,153000603918210013455007253847,2018-11-21 00:00:00,2028-11-21 00:00:00
dzen.ru,"CN=*.dzen.ru,O=VK LLC,L=Moscow,ST=Moscow,C=RU","CN=GlobalSign RSA OV SSL CA 2018,O=GlobalSign nv-sa,C=BE",v3,22219586377521567723379143397,2024-05-06 17:23:28,2025-06-07 17:23:27
dzen.ru,"CN=GlobalSign RSA OV SSL CA 2018,O=GlobalSign nv-sa,C=BE","CN=GlobalSign,O=GlobalSign,OU=GlobalSign Root CA - R3",v3,153000603918210013455007253847,2018-11-21 00:00:00,2028-11-21 00:00:00
dzen.ru,"CN=GlobalSign,O=GlobalSign,OU=GlobalSign Root CA - R3","CN=GlobalSign Root CA,OU=Root CA,O=GlobalSign nv-sa,C=BE",v3,153000549611226544087872427626,2018-09-19 00:00:00,2028-01-28 12:00:00
m.beboo.ru,CN=*.beboo.ru,"CN=GlobalSign GCC R6 AlphaSSL CA 2023,O=GlobalSign nv-sa,C=BE",v3,34955080296099703277769909721,2024-06-26 12:06:04,2025-07-28 12:06:03
m.beboo.ru,"CN=GlobalSign GCC R6 AlphaSSL CA 2023,O=GlobalSign nv-sa,C=BE","CN=GlobalSign,O=GlobalSign,OU=GlobalSign Root CA - R6",v3,168973820516572524429807138621339950720,2023-07-19 03:43:25,2026-07-19 00:00:00
m.beboo.ru,"CN=GlobalSign,O=GlobalSign,OU=GlobalSign Root CA - R6","CN=GlobalSign Root CA,OU=Root CA,O=GlobalSign nv-sa,C=BE",v3,155676729040890238189024451768220428940,2019-06-19 00:00:00,2028-01-28 12:00:00
letras.mus.br,CN=*.sscdn.co,"CN=E6,O=Let's Encrypt,C=US",v3,370011188931827210462837881170090729352493,2024-07-01 00:48:47,2024-09-29 00:48:46
letras.mus.br,"CN=E6,O=Let's Encrypt,C=US","CN=ISRG Root X1,O=Internet Security Research Group,C=US",v3,234397126118090224789023519560838753080,2024-03-13 00:00:00,2027-03-12 23:59:59
sso.acesso.gov.br,CN=sso.acesso.gov.br,"CN=R3,O=Let's Encrypt,C=US",v3,370602246915580831123089718117792839586334,2024-05-26 14:17:21,2024-08-24 14:17:20
sso.acesso.gov.br,"CN=R3,O=Let's Encrypt,C=US","CN=ISRG Root X1,O=Internet Security Research Group,C=US",v3,192961496339968674994309121183282847578,2020-09-04 00:00:00,2025-09-15 16:00:00
betway.co.za,CN=betway.co.za,"CN=WE1,O=Google Trust Services,C=US",v3,228574352970119072417472287239418916316,2024-07-11 00:35:39,2024-10-09 00:35:38
betway.co.za,"CN=WE1,O=Google Trust Services,C=US","CN=GTS Root R4,O=Google Trust Services LLC,C=US",v3,170074200136485300614847617070429275619,2023-12-13 09:00:00,2029-02-20 14:00:00
betway.co.za,"CN=GTS Root R4,O=Google Trust Services LLC,C=US","CN=GlobalSign Root CA,OU=Root CA,O=GlobalSign nv-sa,C=BE",v3,170001980149335831901244157168837298715,2023-11-15 03:43:21,2028-01-28 00:00:42
results.eci.gov.in,CN=www.eci.gov.in,"CN=R10,O=Let's Encrypt,C=US",v3,306358997610140528830639677045155332305336,2024-06-29 09:35:58,2024-09-27 09:35:57
results.eci.gov.in,"CN=R10,O=Let's Encrypt,C=US","CN=ISRG Root X1,O=Internet Security Research Group,C=US",v3,100566080436859127493189557861323994576,2024-03-13 00:00:00,2027-03-12 23:59:59
login.caixa.gov.br,CN=login.caixa.gov.br,"CN=Valid Certificadora RSA DV SSL CA,O=Valid Certificadora Digital LTDA,C=BR",v3,80423316142906711764152460645760284576,2024-01-10 00:00:00,2025-01-09 23:59:59
login.caixa.gov.br,"CN=Valid Certificadora RSA DV SSL CA,O=Valid Certificadora Digital LTDA,C=BR","CN=USERTrust RSA Certification Authority,O=The USERTRUST Network,L=Jersey City,ST=New Jersey,C=US",v3,17125035689870169203474025650199515193,2023-08-02 00:00:00,2033-08-01 23:59:59
login.caixa.gov.br,"CN=USERTrust RSA Certification Authority,O=The USERTRUST Network,L=Jersey City,ST=New Jersey,C=US","CN=AAA Certificate Services,O=Comodo CA Limited,L=Salford,ST=Greater Manchester,C=GB",v3,76359301477803385872276235234032301461,2019-03-12 00:00:00,2028-12-31 23:59:59
login.caixa.gov.br,"CN=AAA Certificate Services,O=Comodo CA Limited,L=Salford,ST=Greater Manchester,C=GB","CN=AAA Certificate Services,O=Comodo CA Limited,L=Salford,ST=Greater Manchester,C=GB",v3,1,2004-01-01 00:00:00,2028-12-31 23:59:59
google.com.br,CN=*.google.com.br,"CN=WR2,O=Google Trust Services,C=US",v3,282709692220523181751493550609369752782,2024-07-30 12:53:18,2024-10-22 12:53:17
google.com.br,"CN=WR2,O=Google Trust Services,C=US","CN=GTS Root R1,O=Google Trust Services LLC,C=US",v3,170058220837755766831192027518741805976,2023-12-13 09:00:00,2029-02-20 14:00:00
google.com.br,"CN=GTS Root R1,O=Google Trust Services LLC,C=US","CN=GlobalSign Root CA,OU=Root CA,O=GlobalSign nv-sa,C=BE",v3,159159747900478145820483398898491642637,2020-06-19 00:00:42,2028-01-28 00:00:42
mnregaweb4.nic.in,CN=nregastrep.nic.in,"CN=R3,O=Let's Encrypt,C=US",v3,348019821496189164945619494761784463038997,2024-06-06 13:12:51,2024-09-04 13:12:50
mnregaweb4.nic.in,"CN=R3,O=Let's Encrypt,C=US","CN=ISRG Root X1,O=Internet Security Research Group,C=US",v3,192961496339968674994309121183282847578,2020-09-04 00:00:00,2025-09-15 16:00:00
esaj.tjsp.jus.br,CN=*.tjsp.jus.br,"CN=Valid Certificadora RSA DV SSL CA,O=Valid Certificadora Digital LTDA,C=BR",v3,255058210298600181888801265351878650574,2023-09-15 00:00:00,2024-09-14 23:59:59
esaj.tjsp.jus.br,"CN=USERTrust RSA Certification Authority,O=The USERTRUST Network,L=Jersey City,ST=New Jersey,C=US","CN=USERTrust RSA Certification Authority,O=The USERTRUST Network,L=Jersey City,ST=New Jersey,C=US",v3,2645093764781058787591871645665788717,2010-02-01 00:00:00,2038-01-18 23:59:59
esaj.tjsp.jus.br,"CN=Valid Certificadora RSA DV SSL CA,O=Valid Certificadora Digital LTDA,C=BR","CN=USERTrust RSA Certification Authority,O=The USERTRUST Network,L=Jersey City,ST=New Jersey,C=US",v3,17125035689870169203474025650199515193,2023-08-02 00:00:00,2033-08-01 23:59:59
mail.ru,"C=RU,ST=Moscow,L=Moscow,O=VK LLC,CN=mail.ru","CN=GlobalSign RSA OV SSL CA 2018,O=GlobalSign nv-sa,C=BE",v3,31666689940211748894950963949,2023-09-04 14:10:54,2024-10-05 14:10:53
mail.ru,"CN=GlobalSign RSA OV SSL CA 2018,O=GlobalSign nv-sa,C=BE","CN=GlobalSign,O=GlobalSign,OU=GlobalSign Root CA - R3",v3,153000603918210013455007253847,2018-11-21 00:00:00,2028-11-21 00:00:00
mail.ru,"CN=GlobalSign,O=GlobalSign,OU=GlobalSign Root CA - R3","CN=GlobalSign Root CA,OU=Root CA,O=GlobalSign nv-sa,C=BE",v3,153000549611226544087872427626,2018-09-19 00:00:00,2028-01-28 12:00:00
gov.br,"CN=gov.br,O=SERVICO FEDERAL DE PROCESSAMENTO DE DADOS (SERPRO),L=BRASILIA,ST=DISTRITO FEDERAL,C=BR","CN=GlobalSign RSA OV SSL CA 2018,O=GlobalSign nv-sa,C=BE",v3,32322103717917134790480138466,2024-05-15 14:46:13,2025-06-16 14:46:12
gov.br,"CN=GlobalSign RSA OV SSL CA 2018,O=GlobalSign nv-sa,C=BE","CN=GlobalSign,O=GlobalSign,OU=GlobalSign Root CA - R3",v3,153000603918210013455007253847,2018-11-21 00:00:00,2028-11-21 00:00:00
gov.br,"CN=GlobalSign,O=GlobalSign,OU=GlobalSign Root CA - R3","CN=GlobalSign Root CA,OU=Root CA,O=GlobalSign nv-sa,C=BE",v3,153000549611226544087872427626,2018-09-19 00:00:00,2028-01-28 12:00:00
gov.br,"CN=GlobalSign Root CA,OU=Root CA,O=GlobalSign nv-sa,C=BE","CN=GlobalSign Root CA,OU=Root CA,O=GlobalSign nv-sa,C=BE",v3,4835703278459707669005204,1998-09-01 12:00:00,2028-01-28 12:00:00
livescore.in,CN=*.livescore.in,"CN=R10,O=Let's Encrypt,C=US",v3,372137940585103742895847936806826418572229,2024-07-21 04:23:13,2024-10-19 04:23:12
livescore.in,"CN=R10,O=Let's Encrypt,C=US","CN=ISRG Root X1,O=Internet Security Research Group,C=US",v3,100566080436859127493189557861323994576,2024-03-13 00:00:00,2027-03-12 23:59:59
lotterysambadresult.in,CN=lotterysambadresult.in,"CN=E5,O=Let's Encrypt,C=US",v3,348704920678684255844433536150646021576568,2024-07-13 11:32:51,2024-10-11 11:32:50
lotterysambadresult.in,"CN=E5,O=Let's Encrypt,C=US","CN=ISRG Root X1,O=Internet Security Research Group,C=US",v3,174873564306387906651619802726858882526,2024-03-13 00:00:00,2027-03-12 23:59:59
lotterysambadresult.in,"CN=ISRG Root X1,O=Internet Security Research Group,C=US","CN=DST Root CA X3,O=Digital Signature Trust Co.",v3,85078200265644417569109389142156118711,2021-01-20 19:14:03,2024-09-30 18:14:03
sattasport.in,CN=sattasport.in,"CN=WE1,O=Google Trust Services,C=US",v3,78893293069075913069652735579379565715,2024-07-06 23:21:03,2024-10-04 23:21:02
sattasport.in,"CN=WE1,O=Google Trust Services,C=US","CN=GTS Root R4,O=Google Trust Services LLC,C=US",v3,170074200136485300614847617070429275619,2023-12-13 09:00:00,2029-02-20 14:00:00
sattasport.in,"CN=GTS Root R4,O=Google Trust Services LLC,C=US","CN=GlobalSign Root CA,OU=Root CA,O=GlobalSign nv-sa,C=BE",v3,170001980149335831901244157168837298715,2023-11-15 03:43:21,2028-01-28 00:00:42
uol.com.br,CN=uol.com.br,"CN=RapidSSL TLS RSA CA G1,OU=www.digicert.com,O=DigiCert Inc,C=US",v3,5515244402479858761995092100506966669,2024-02-16 00:00:00,2025-03-09 23:59:59
uol.com.br,"CN=RapidSSL TLS RSA CA G1,OU=www.digicert.com,O=DigiCert Inc,C=US","CN=DigiCert Global Root G2,OU=www.digicert.com,O=DigiCert Inc,C=US",v3,14816627491795588044059060260691382010,2017-11-02 12:24:33,2027-11-02 12:24:33
uol.com.br,"CN=DigiCert Global Root G2,OU=www.digicert.com,O=DigiCert Inc,C=US","CN=DigiCert Global Root G2,OU=www.digicert.com,O=DigiCert Inc,C=US",v3,4293743540046975378534879503202253541,2013-08-01 12:00:00,2038-01-15 12:00:00
ndtv.in,"CN=ndtv.com,O=NDTV Convergence Limited,L=New Delhi,ST=Delhi,C=IN","CN=DigiCert TLS RSA SHA256 2020 CA1,O=DigiCert Inc,C=US",v3,6248054018074128993841550173579725370,2024-01-31 00:00:00,2025-01-31 23:59:59
ndtv.in,"CN=DigiCert TLS RSA SHA256 2020 CA1,O=DigiCert Inc,C=US","CN=DigiCert Global Root CA,OU=www.digicert.com,O=DigiCert Inc,C=US",v3,9101305761976670746388865003982847684,2021-04-14 00:00:00,2031-04-13 23:59:59
xvideosporno.blog.br,CN=xvideosporno.blog.br,"CN=E6,O=Let's Encrypt,C=US",v3,300231678503598776612983719095422214739694,2024-07-29 22:27:59,2024-10-27 22:27:58
xvideosporno.blog.br,"CN=E6,O=Let's Encrypt,C=US","CN=ISRG Root X1,O=Internet Security Research Group,C=US",v3,234397126118090224789023519560838753080,2024-03-13 00:00:00,2027-03-12 23:59:59
xvideosporno.blog.br,"CN=ISRG Root X1,O=Internet Security Research Group,C=US","CN=DST Root CA X3,O=Digital Signature Trust Co.",v3,85078200265644417569109389142156118711,2021-01-20 19:14:03,2024-09-30 18:14:03
amazon.com.br,CN=*.by.peg.a2z.com,"CN=Amazon RSA 2048 M01,O=Amazon,C=US",v3,2514481771179351731745003144457831514,2024-07-08 00:00:00,2025-06-19 23:59:59
amazon.com.br,"CN=Amazon RSA 2048 M01,O=Amazon,C=US","CN=Amazon Root CA 1,O=Amazon,C=US",v3,166129328851546858514271303855646110030630415,2022-08-23 22:21:28,2030-08-23 22:21:28
amazon.com.br,"CN=Amazon Root CA 1,O=Amazon,C=US","CN=Starfield Services Root Certificate Authority - G2,O=Starfield Technologies\, Inc.,L=Scottsdale,ST=Arizona,C=US",v3,144918191876577076464031512351042010504348870,2015-05-25 12:00:00,2037-12-31 01:00:00
amazon.com.br,"CN=Starfield Services Root Certificate Authority - G2,O=Starfield Technologies\, Inc.,L=Scottsdale,ST=Arizona,C=US","OU=Starfield Class 2 Certification Authority,O=Starfield Technologies\, Inc.,C=US",v3,12037640545166866303,2009-09-02 00:00:00,2034-06-28 17:39:16
brainly.com.br,CN=brainly.com.br,"CN=WE1,O=Google Trust Services,C=US",v3,11917468305965245452783171544695055867,2024-06-07 23:31:41,2024-09-05 23:31:40
brainly.com.br,"CN=WE1,O=Google Trust Services,C=US","CN=GTS Root R4,O=Google Trust Services LLC,C=US",v3,170074200136485300614847617070429275619,2023-12-13 09:00:00,2029-02-20 14:00:00
brainly.com.br,"CN=GTS Root R4,O=Google Trust Services LLC,C=US","CN=GlobalSign Root CA,OU=Root CA,O=GlobalSign nv-sa,C=BE",v3,170001980149335831901244157168837298715,2023-11-15 03:43:21,2028-01-28 00:00:42
imgsrc.ru,CN=imgsrc.ru,"CN=R11,O=Let's Encrypt,C=US",v3,360127804890153503844776669628080998211637,2024-08-01 07:15:44,2024-10-30 07:15:43
imgsrc.ru,"CN=R11,O=Let's Encrypt,C=US","CN=ISRG Root X1,O=Internet Security Research Group,C=US",v3,184083759606652600789093070426744763640,2024-03-13 00:00:00,2027-03-12 23:59:59
produto.mercadolivre.com.br,CN=*.mercadolivre.com.br,"CN=Amazon RSA 2048 M02,O=Amazon,C=US",v3,9286416247346593545395077004758504862,2023-12-05 00:00:00,2025-01-03 23:59:59
produto.mercadolivre.com.br,"CN=Amazon RSA 2048 M02,O=Amazon,C=US","CN=Amazon Root CA 1,O=Amazon,C=US",v3,166129353110899469622597955040406457904926625,2022-08-23 22:25:30,2030-08-23 22:25:30
produto.mercadolivre.com.br,"CN=Amazon Root CA 1,O=Amazon,C=US","CN=Starfield Services Root Certificate Authority - G2,O=Starfield Technologies\, Inc.,L=Scottsdale,ST=Arizona,C=US",v3,144918191876577076464031512351042010504348870,2015-05-25 12:00:00,2037-12-31 01:00:00
produto.mercadolivre.com.br,"CN=Starfield Services Root Certificate Authority - G2,O=Starfield Technologies\, Inc.,L=Scottsdale,ST=Arizona,C=US","OU=Starfield Class 2 Certification Authority,O=Starfield Technologies\, Inc.,C=US",v3,12037640545166866303,2009-09-02 00:00:00,2034-06-28 17:39:16
m.ok.ru,"CN=*.ok.ru,O=VK LLC,L=Moscow,ST=Moscow,C=RU","CN=GlobalSign RSA OV SSL CA 2018,O=GlobalSign nv-sa,C=BE",v3,725507297119307483522352310,2023-10-04 08:36:03,2024-10-02 09:21:02
m.ok.ru,"CN=GlobalSign RSA OV SSL CA 2018,O=GlobalSign nv-sa,C=BE","CN=GlobalSign,O=GlobalSign,OU=GlobalSign Root CA - R3",v3,153000603918210013455007253847,2018-11-21 00:00:00,2028-11-21 00:00:00
m.ok.ru,"CN=GlobalSign,O=GlobalSign,OU=GlobalSign Root CA - R3","CN=GlobalSign Root CA,OU=Root CA,O=GlobalSign nv-sa,C=BE",v3,153000549611226544087872427626,2018-09-19 00:00:00,2028-01-28 12:00:00
olx.com.br,CN=olx.com.br,"CN=Amazon RSA 2048 M02,O=Amazon,C=US",v3,12168895741593539141222130100274804483,2024-03-19 00:00:00,2025-04-17 23:59:59
olx.com.br,"CN=Amazon RSA 2048 M02,O=Amazon,C=US","CN=Amazon Root CA 1,O=Amazon,C=US",v3,166129353110899469622597955040406457904926625,2022-08-23 22:25:30,2030-08-23 22:25:30
olx.com.br,"CN=Amazon Root CA 1,O=Amazon,C=US","CN=Starfield Services Root Certificate Authority - G2,O=Starfield Technologies\, Inc.,L=Scottsdale,ST=Arizona,C=US",v3,144918191876577076464031512351042010504348870,2015-05-25 12:00:00,2037-12-31 01:00:00
olx.com.br,"CN=Starfield Services Root Certificate Authority - G2,O=Starfield Technologies\, Inc.,L=Scottsdale,ST=Arizona,C=US","OU=Starfield Class 2 Certification Authority,O=Starfield Technologies\, Inc.,C=US",v3,12037640545166866303,2009-09-02 00:00:00,2034-06-28 17:39:16
m.magazineluiza.com.br,CN=*.magazineluiza.com.br,"CN=Sectigo RSA Domain Validation Secure Server CA,O=Sectigo Limited,L=Salford,ST=Greater Manchester,C=GB",v3,307100391911517553274560217904197121111,2024-06-06 00:00:00,2025-07-06 23:59:59
m.magazineluiza.com.br,"CN=Sectigo RSA Domain Validation Secure Server CA,O=Sectigo Limited,L=Salford,ST=Greater Manchester,C=GB","CN=USERTrust RSA Certification Authority,O=The USERTRUST Network,L=Jersey City,ST=New Jersey,C=US",v3,166627644428940058458651716034439089575,2018-11-02 00:00:00,2030-12-31 23:59:59
m.magazineluiza.com.br,"CN=USERTrust RSA Certification Authority,O=The USERTRUST Network,L=Jersey City,ST=New Jersey,C=US","CN=AAA Certificate Services,O=Comodo CA Limited,L=Salford,ST=Greater Manchester,C=GB",v3,76359301477803385872276235234032301461,2019-03-12 00:00:00,2028-12-31 23:59:59
m.magazineluiza.com.br,"CN=AAA Certificate Services,O=Comodo CA Limited,L=Salford,ST=Greater Manchester,C=GB","CN=AAA Certificate Services,O=Comodo CA Limited,L=Salford,ST=Greater Manchester,C=GB",v3,1,2004-01-01 00:00:00,2028-12-31 23:59:59
pikabu.ru,CN=pikabu.ru,"CN=R11,O=Let's Encrypt,C=US",v3,400541235777951399681865807597755317595602,2024-08-01 07:08:04,2024-10-30 07:08:03
pikabu.ru,"CN=R11,O=Let's Encrypt,C=US","CN=ISRG Root X1,O=Internet Security Research Group,C=US",v3,184083759606652600789093070426744763640,2024-03-13 00:00:00,2027-03-12 23:59:59
flashscore.com.br,CN=*.flashscore.com.br,"CN=R10,O=Let's Encrypt,C=US",v3,385571268894243128846077580892710862700205,2024-07-02 04:50:37,2024-09-30 04:50:36
flashscore.com.br,"CN=R10,O=Let's Encrypt,C=US","CN=ISRG Root X1,O=Internet Security Research Group,C=US",v3,100566080436859127493189557861323994576,2024-03-13 00:00:00,2027-03-12 23:59:59
aajtak.in,"CN=www.aajtak.in,O=T.V. Today Network Limited,L=Noida,ST=Uttar Pradesh,C=IN","CN=GeoTrust ECC CA 2018,OU=www.digicert.com,O=DigiCert Inc,C=US",v3,16276767827626712427634833749810821207,2024-06-14 00:00:00,2025-06-19 23:59:59
aajtak.in,"CN=GeoTrust ECC CA 2018,OU=www.digicert.com,O=DigiCert Inc,C=US","CN=DigiCert Global Root CA,OU=www.digicert.com,O=DigiCert Inc,C=US",v3,20084456394114493592413865692264783194,2017-11-06 12:24:09,2027-11-06 12:24:09
satta-king-fixed-no.in,CN=satta-king-fixed-no.in,"CN=WE1,O=Google Trust Services,C=US",v3,163676569992055877053556794789498259605,2024-07-08 16:43:16,2024-10-06 16:43:15
satta-king-fixed-no.in,"CN=WE1,O=Google Trust Services,C=US","CN=GTS Root R4,O=Google Trust Services LLC,C=US",v3,170074200136485300614847617070429275619,2023-12-13 09:00:00,2029-02-20 14:00:00
satta-king-fixed-no.in,"CN=GTS Root R4,O=Google Trust Services LLC,C=US","CN=GlobalSign Root CA,OU=Root CA,O=GlobalSign nv-sa,C=BE",v3,170001980149335831901244157168837298715,2023-11-15 03:43:21,2028-01-28 00:00:42
ozon.ru,"CN=*.ozon.ru,O=Internet Solutions LLC,L=Moscow,ST=Moscow,C=RU","CN=GlobalSign RSA OV SSL CA 2018,O=GlobalSign nv-sa,C=BE",v3,23974565839974776879624415686,2023-09-21 15:51:06,2024-10-22 15:51:05
ozon.ru,"CN=GlobalSign RSA OV SSL CA 2018,O=GlobalSign nv-sa,C=BE","CN=GlobalSign,O=GlobalSign,OU=GlobalSign Root CA - R3",v3,153000603918210013455007253847,2018-11-21 00:00:00,2028-11-21 00:00:00
ozon.ru,"CN=GlobalSign,O=GlobalSign,OU=GlobalSign Root CA - R3","CN=GlobalSign,O=GlobalSign,OU=GlobalSign Root CA - R3",v3,4835703278459759426209954,2009-03-18 10:00:00,2029-03-18 10:00:00
jusbrasil.com.br,CN=jusbrasil.com.br,"CN=E5,O=Let's Encrypt,C=US",v3,357029449576085130913656755214771715833897,2024-06-14 22:27:48,2024-09-12 22:27:47
jusbrasil.com.br,"CN=E5,O=Let's Encrypt,C=US","CN=ISRG Root X1,O=Internet Security Research Group,C=US",v3,174873564306387906651619802726858882526,2024-03-13 00:00:00,2027-03-12 23:59:59
jusbrasil.com.br,"CN=ISRG Root X1,O=Internet Security Research Group,C=US","CN=DST Root CA X3,O=Digital Signature Trust Co.",v3,85078200265644417569109389142156118711,2021-01-20 19:14:03,2024-09-30 18:14:03
cursos.alura.com.br,CN=alura.com.br,"CN=WE1,O=Google Trust Services,C=US",v3,88744691964625788056043058150184148747,2024-07-08 02:02:46,2024-10-06 02:02:45
cursos.alura.com.br,"CN=WE1,O=Google Trust Services,C=US","CN=GTS Root R4,O=Google Trust Services LLC,C=US",v3,170074200136485300614847617070429275619,2023-12-13 09:00:00,2029-02-20 14:00:00
cursos.alura.com.br,"CN=GTS Root R4,O=Google Trust Services LLC,C=US","CN=GlobalSign Root CA,OU=Root CA,O=GlobalSign nv-sa,C=BE",v3,170001980149335831901244157168837298715,2023-11-15 03:43:21,2028-01-28 00:00:42
amazon.in,CN=*.cy.peg.a2z.com,"CN=Amazon RSA 2048 M01,O=Amazon,C=US",v3,8070848586024598052393755357944157398,2023-11-03 00:00:00,2024-10-25 23:59:59
amazon.in,"CN=Amazon RSA 2048 M01,O=Amazon,C=US","CN=Amazon Root CA 1,O=Amazon,C=US",v3,166129328851546858514271303855646110030630415,2022-08-23 22:21:28,2030-08-23 22:21:28
amazon.in,"CN=Amazon Root CA 1,O=Amazon,C=US","CN=Starfield Services Root Certificate Authority - G2,O=Starfield Technologies\, Inc.,L=Scottsdale,ST=Arizona,C=US",v3,144918191876577076464031512351042010504348870,2015-05-25 12:00:00,2037-12-31 01:00:00
amazon.in,"CN=Starfield Services Root Certificate Authority - G2,O=Starfield Technologies\, Inc.,L=Scottsdale,ST=Arizona,C=US","OU=Starfield Class 2 Certification Authority,O=Starfield Technologies\, Inc.,C=US",v3,12037640545166866303,2009-09-02 00:00:00,2034-06-28 17:39:16
spboss.in,CN=spboss.in,"CN=WE1,O=Google Trust Services,C=US",v3,70684563574864414078965304831935232731,2024-06-28 10:56:50,2024-09-26 10:56:49
spboss.in,"CN=WE1,O=Google Trust Services,C=US","CN=GTS Root R4,O=Google Trust Services LLC,C=US",v3,170074200136485300614847617070429275619,2023-12-13 09:00:00,2029-02-20 14:00:00
spboss.in,"CN=GTS Root R4,O=Google Trust Services LLC,C=US","CN=GlobalSign Root CA,OU=Root CA,O=GlobalSign nv-sa,C=BE",v3,170001980149335831901244157168837298715,2023-11-15 03:43:21,2028-01-28 00:00:42
hibiny.ru,CN=hibiny.ru,"CN=WE1,O=Google Trust Services,C=US",v3,67240611884756249802047860382051401945,2024-07-03 06:37:49,2024-10-01 06:37:48
hibiny.ru,"CN=WE1,O=Google Trust Services,C=US","CN=GTS Root R4,O=Google Trust Services LLC,C=US",v3,170074200136485300614847617070429275619,2023-12-13 09:00:00,2029-02-20 14:00:00
hibiny.ru,"CN=GTS Root R4,O=Google Trust Services LLC,C=US","CN=GlobalSign Root CA,OU=Root CA,O=GlobalSign nv-sa,C=BE",v3,170001980149335831901244157168837298715,2023-11-15 03:43:21,2028-01-28 00:00:42
google.ru,CN=*.google.com.ru,"CN=WR2,O=Google Trust Services,C=US",v3,247441835119114334158942551122811627102,2024-07-30 12:53:38,2024-10-22 12:53:37
google.ru,"CN=WR2,O=Google Trust Services,C=US","CN=GTS Root R1,O=Google Trust Services LLC,C=US",v3,170058220837755766831192027518741805976,2023-12-13 09:00:00,2029-02-20 14:00:00
google.ru,"CN=GTS Root R1,O=Google Trust Services LLC,C=US","CN=GlobalSign Root CA,OU=Root CA,O=GlobalSign nv-sa,C=BE",v3,159159747900478145820483398898491642637,2020-06-19 00:00:42,2028-01-28 00:00:42
unisa.ac.za,"CN=*.unisa.ac.za,O=University of South Africa,ST=Gauteng,C=ZA","CN=Sectigo RSA Organization Validation Secure Server CA,O=Sectigo Limited,L=Salford,ST=Greater Manchester,C=GB",v3,242437244061182086007446941482843414154,2024-03-22 00:00:00,2025-03-22 23:59:59
unisa.ac.za,"CN=Sectigo RSA Organization Validation Secure Server CA,O=Sectigo Limited,L=Salford,ST=Greater Manchester,C=GB","CN=USERTrust RSA Certification Authority,O=The USERTRUST Network,L=Jersey City,ST=New Jersey,C=US",v3,25906064879583303349170707072060521101,2018-11-02 00:00:00,2030-12-31 23:59:59
unisa.ac.za,"CN=USERTrust RSA Certification Authority,O=The USERTRUST Network,L=Jersey City,ST=New Jersey,C=US","CN=AAA Certificate Services,O=Comodo CA Limited,L=Salford,ST=Greater Manchester,C=GB",v3,76359301477803385872276235234032301461,2019-03-12 00:00:00,2028-12-31 23:59:59
unisa.ac.za,"CN=AAA Certificate Services,O=Comodo CA Limited,L=Salford,ST=Greater Manchester,C=GB","CN=AAA Certificate Services,O=Comodo CA Limited,L=Salford,ST=Greater Manchester,C=GB",v3,1,2004-01-01 00:00:00,2028-12-31 23:59:59
queropassagem.com.br,CN=*.queropassagem.com.br,"CN=Sectigo RSA Domain Validation Secure Server CA,O=Sectigo Limited,L=Salford,ST=Greater Manchester,C=GB",v3,281169906374237420316332824073626112447,2024-04-19 00:00:00,2025-05-09 23:59:59
queropassagem.com.br,"CN=Sectigo RSA Domain Validation Secure Server CA,O=Sectigo Limited,L=Salford,ST=Greater Manchester,C=GB","CN=USERTrust RSA Certification Authority,O=The USERTRUST Network,L=Jersey City,ST=New Jersey,C=US",v3,166627644428940058458651716034439089575,2018-11-02 00:00:00,2030-12-31 23:59:59
queropassagem.com.br,"CN=USERTrust RSA Certification Authority,O=The USERTRUST Network,L=Jersey City,ST=New Jersey,C=US","CN=AAA Certificate Services,O=Comodo CA Limited,L=Salford,ST=Greater Manchester,C=GB",v3,76359301477803385872276235234032301461,2019-03-12 00:00:00,2028-12-31 23:59:59
queropassagem.com.br,"CN=AAA Certificate Services,O=Comodo CA Limited,L=Salford,ST=Greater Manchester,C=GB","CN=AAA Certificate Services,O=Comodo CA Limited,L=Salford,ST=Greater Manchester,C=GB",v3,1,2004-01-01 00:00:00,2028-12-31 23:59:59
elo7.com.br,CN=*.elo7.com.br,"CN=Amazon RSA 2048 M03,O=Amazon,C=US",v3,19559130328190947952144887867464775876,2024-01-01 00:00:00,2025-01-28 23:59:59
elo7.com.br,"CN=Amazon RSA 2048 M03,O=Amazon,C=US","CN=Amazon Root CA 1,O=Amazon,C=US",v3,166129356476704345391986644047206454194698629,2022-08-23 22:26:04,2030-08-23 22:26:04
elo7.com.br,"CN=Amazon Root CA 1,O=Amazon,C=US","CN=Starfield Services Root Certificate Authority - G2,O=Starfield Technologies\, Inc.,L=Scottsdale,ST=Arizona,C=US",v3,144918191876577076464031512351042010504348870,2015-05-25 12:00:00,2037-12-31 01:00:00
elo7.com.br,"CN=Starfield Services Root Certificate Authority - G2,O=Starfield Technologies\, Inc.,L=Scottsdale,ST=Arizona,C=US","OU=Starfield Class 2 Certification Authority,O=Starfield Technologies\, Inc.,C=US",v3,12037640545166866303,2009-09-02 00:00:00,2034-06-28 17:39:16
netshoes.com.br,CN=*.netshoes.com.br,"CN=Sectigo RSA Domain Validation Secure Server CA,O=Sectigo Limited,L=Salford,ST=Greater Manchester,C=GB",v3,2849281248373317380936049998737738517,2024-07-03 00:00:00,2025-08-02 23:59:59
netshoes.com.br,"CN=Sectigo RSA Domain Validation Secure Server CA,O=Sectigo Limited,L=Salford,ST=Greater Manchester,C=GB","CN=USERTrust RSA Certification Authority,O=The USERTRUST Network,L=Jersey City,ST=New Jersey,C=US",v3,166627644428940058458651716034439089575,2018-11-02 00:00:00,2030-12-31 23:59:59
netshoes.com.br,"CN=USERTrust RSA Certification Authority,O=The USERTRUST Network,L=Jersey City,ST=New Jersey,C=US","CN=AAA Certificate Services,O=Comodo CA Limited,L=Salford,ST=Greater Manchester,C=GB",v3,76359301477803385872276235234032301461,2019-03-12 00:00:00,2028-12-31 23:59:59
netshoes.com.br,"CN=AAA Certificate Services,O=Comodo CA Limited,L=Salford,ST=Greater Manchester,C=GB","CN=AAA Certificate Services,O=Comodo CA Limited,L=Salford,ST=Greater Manchester,C=GB",v3,1,2004-01-01 00:00:00,2028-12-31 23:59:59
kaluga-poisk.ru,CN=crm.kaluga-poisk.ru,"CN=R3,O=Let's Encrypt,C=US",v3,317509289676949360702870804055085109060784,2024-06-03 07:46:38,2024-09-01 07:46:37
kaluga-poisk.ru,"CN=R3,O=Let's Encrypt,C=US","CN=ISRG Root X1,O=Internet Security Research Group,C=US",v3,192961496339968674994309121183282847578,2020-09-04 00:00:00,2025-09-15 16:00:00
mk.ru,CN=*.mk.ru,"CN=AlphaSSL CA - SHA256 - G4,O=GlobalSign nv-sa,C=BE",v3,20165685449131872105708442353,2023-07-19 11:35:24,2024-08-19 11:35:23
mk.ru,"CN=AlphaSSL CA - SHA256 - G4,O=GlobalSign nv-sa,C=BE","CN=GlobalSign Root CA,OU=Root CA,O=GlobalSign nv-sa,C=BE",v3,166554658373203964493672915842458540151,2022-10-12 03:49:43,2027-10-12 00:00:00
mk.ru,"CN=GlobalSign Root CA,OU=Root CA,O=GlobalSign nv-sa,C=BE","CN=GlobalSign Root CA,OU=Root CA,O=GlobalSign nv-sa,C=BE",v3,4835703278459707669005204,1998-09-01 12:00:00,2028-01-28 12:00:00
baji999.in,CN=baji999.in,"CN=WE1,O=Google Trust Services,C=US",v3,35527679207543036517946145581994564867,2024-06-23 07:19:28,2024-09-21 07:19:27
baji999.in,"CN=WE1,O=Google Trust Services,C=US","CN=GTS Root R4,O=Google Trust Services LLC,C=US",v3,170074200136485300614847617070429275619,2023-12-13 09:00:00,2029-02-20 14:00:00
baji999.in,"CN=GTS Root R4,O=Google Trust Services LLC,C=US","CN=GlobalSign Root CA,OU=Root CA,O=GlobalSign nv-sa,C=BE",v3,170001980149335831901244157168837298715,2023-11-15 03:43:21,2028-01-28 00:00:42
monitordomercado.com.br,CN=monitordomercado.com.br,"CN=WE1,O=Google Trust Services,C=US",v3,187207583227535785534971373158695794274,2024-07-18 23:55:01,2024-10-16 23:55:00
monitordomercado.com.br,"CN=WE1,O=Google Trust Services,C=US","CN=GTS Root R4,O=Google Trust Services LLC,C=US",v3,170074200136485300614847617070429275619,2023-12-13 09:00:00,2029-02-20 14:00:00
monitordomercado.com.br,"CN=GTS Root R4,O=Google Trust Services LLC,C=US","CN=GlobalSign Root CA,OU=Root CA,O=GlobalSign nv-sa,C=BE",v3,170001980149335831901244157168837298715,2023-11-15 03:43:21,2028-01-28 00:00:42
tripadvisor.in,"CN=tripadvisor.com,O=Tripadvisor LLC,L=Needham Heights,ST=Massachusetts,C=US","CN=GlobalSign RSA OV SSL CA 2018,O=GlobalSign nv-sa,C=BE",v3,5135356317979781922456881156,2024-01-25 11:37:01,2025-02-25 10:41:03
tripadvisor.in,"CN=GlobalSign RSA OV SSL CA 2018,O=GlobalSign nv-sa,C=BE","CN=GlobalSign,O=GlobalSign,OU=GlobalSign Root CA - R3",v3,153000603918210013455007253847,2018-11-21 00:00:00,2028-11-21 00:00:00
disk.yandex.ru,"CN=disk.yandex.ru,O=YANDEX LLC,L=Moscow,ST=Moscow,C=RU","CN=GlobalSign RSA OV SSL CA 2018,O=GlobalSign nv-sa,C=BE",v3,8506958347391785851212375400,2024-05-16 12:21:12,2024-12-16 12:21:12
disk.yandex.ru,"CN=GlobalSign RSA OV SSL CA 2018,O=GlobalSign nv-sa,C=BE","CN=GlobalSign,O=GlobalSign,OU=GlobalSign Root CA - R3",v3,153000603918210013455007253847,2018-11-21 00:00:00,2028-11-21 00:00:00
disk.yandex.ru,"CN=GlobalSign,O=GlobalSign,OU=GlobalSign Root CA - R3","CN=GlobalSign Root CA,OU=Root CA,O=GlobalSign nv-sa,C=BE",v3,153000549611226544087872427626,2018-09-19 00:00:00,2028-01-28 12:00:00
parivahan.gov.in,"CN=*.parivahan.gov.in,O=National Informatics Centre,L=New Delhi,ST=Delhi,C=IN","CN=DigiCert TLS RSA SHA256 2020 CA1,O=DigiCert Inc,C=US",v3,7512526264799627840697529796532306672,2023-10-20 00:00:00,2024-10-05 23:59:59
parivahan.gov.in,"CN=DigiCert TLS RSA SHA256 2020 CA1,O=DigiCert Inc,C=US","CN=DigiCert Global Root CA,OU=www.digicert.com,O=DigiCert Inc,C=US",v3,9101305761976670746388865003982847684,2021-04-14 00:00:00,2031-04-13 23:59:59
webmotors.com.br,CN=webmotors.com.br,"CN=Amazon RSA 2048 M02,O=Amazon,C=US",v3,17626457887709836825249000793438917457,2024-06-05 00:00:00,2025-07-04 23:59:59
webmotors.com.br,"CN=Amazon RSA 2048 M02,O=Amazon,C=US","CN=Amazon Root CA 1,O=Amazon,C=US",v3,166129353110899469622597955040406457904926625,2022-08-23 22:25:30,2030-08-23 22:25:30
webmotors.com.br,"CN=Amazon Root CA 1,O=Amazon,C=US","CN=Starfield Services Root Certificate Authority - G2,O=Starfield Technologies\, Inc.,L=Scottsdale,ST=Arizona,C=US",v3,144918191876577076464031512351042010504348870,2015-05-25 12:00:00,2037-12-31 01:00:00
webmotors.com.br,"CN=Starfield Services Root Certificate Authority - G2,O=Starfield Technologies\, Inc.,L=Scottsdale,ST=Arizona,C=US","OU=Starfield Class 2 Certification Authority,O=Starfield Technologies\, Inc.,C=US",v3,12037640545166866303,2009-09-02 00:00:00,2034-06-28 17:39:16
hrylabour.gov.in,CN=hrylabour.gov.in,"CN=Sectigo RSA Domain Validation Secure Server CA,O=Sectigo Limited,L=Salford,ST=Greater Manchester,C=GB",v3,156726518475981034478134585453943332176,2024-03-21 00:00:00,2025-03-31 23:59:59
hrylabour.gov.in,"CN=Sectigo RSA Domain Validation Secure Server CA,O=Sectigo Limited,L=Salford,ST=Greater Manchester,C=GB","CN=USERTrust RSA Certification Authority,O=The USERTRUST Network,L=Jersey City,ST=New Jersey,C=US",v3,166627644428940058458651716034439089575,2018-11-02 00:00:00,2030-12-31 23:59:59
hrylabour.gov.in,"CN=USERTrust RSA Certification Authority,O=The USERTRUST Network,L=Jersey City,ST=New Jersey,C=US","CN=AAA Certificate Services,O=Comodo CA Limited,L=Salford,ST=Greater Manchester,C=GB",v3,76359301477803385872276235234032301461,2019-03-12 00:00:00,2028-12-31 23:59:59
hrylabour.gov.in,"CN=AAA Certificate Services,O=Comodo CA Limited,L=Salford,ST=Greater Manchester,C=GB","CN=AAA Certificate Services,O=Comodo CA Limited,L=Salford,ST=Greater Manchester,C=GB",v3,1,2004-01-01 00:00:00,2028-12-31 23:59:59
androeed.ru,CN=androeed.ru,"CN=WE1,O=Google Trust Services,C=US",v3,323365148305968491876006238952713565846,2024-07-11 02:28:15,2024-10-09 02:28:14
androeed.ru,"CN=WE1,O=Google Trust Services,C=US","CN=GTS Root R4,O=Google Trust Services LLC,C=US",v3,170074200136485300614847617070429275619,2023-12-13 09:00:00,2029-02-20 14:00:00
androeed.ru,"CN=GTS Root R4,O=Google Trust Services LLC,C=US","CN=GlobalSign Root CA,OU=Root CA,O=GlobalSign nv-sa,C=BE",v3,170001980149335831901244157168837298715,2023-11-15 03:43:21,2028-01-28 00:00:42
online.sberbank.ru,CN=*.online.sberbank.ru,"CN=HARICA DV TLS RSA,O=Hellenic Academic and Research Institutions CA,C=GR",v3,105012232234033644551473207857206080028,2023-09-28 05:36:20,2024-09-27 05:36:20
online.sberbank.ru,"CN=HARICA DV TLS RSA,O=Hellenic Academic and Research Institutions CA,C=GR","CN=HARICA TLS RSA Root CA 2021,O=Hellenic Academic and Research Institutions CA,C=GR",v3,28388917963433744622629073870988013660,2021-03-19 09:24:04,2036-03-15 09:24:03
online.sberbank.ru,"CN=HARICA TLS RSA Root CA 2021,O=Hellenic Academic and Research Institutions CA,C=GR","CN=Hellenic Academic and Research Institutions RootCA 2015,O=Hellenic Academic and Research Institutions Cert. Authority,L=Athens,C=GR",v3,56328771026522685634132374679777689382,2021-09-02 07:41:55,2029-08-31 07:41:54
online.sberbank.ru,"CN=Hellenic Academic and Research Institutions RootCA 2015,O=Hellenic Academic and Research Institutions Cert. Authority,L=Athens,C=GR","CN=Hellenic Academic and Research Institutions RootCA 2015,O=Hellenic Academic and Research Institutions Cert. Authority,L=Athens,C=GR",v3,0,2015-07-07 10:11:21,2040-06-30 10:11:21
gcasstudent.gujgov.edu.in,"C=IN,ST=Gujarat,L=Ahemdabad,O=KNOWLEDGE CONSORTIUM OF GUJARAT,CN=*.gujgov.edu.in","CN=GlobalSign RSA OV SSL CA 2018,O=GlobalSign nv-sa,C=BE",v3,1194519571719873185735064877,2023-09-07 12:19:36,2024-10-08 12:19:35
gcasstudent.gujgov.edu.in,"CN=GlobalSign RSA OV SSL CA 2018,O=GlobalSign nv-sa,C=BE","CN=GlobalSign,O=GlobalSign,OU=GlobalSign Root CA - R3",v3,153000603918210013455007253847,2018-11-21 00:00:00,2028-11-21 00:00:00
sevastopolmedia.ru,CN=sevastopolmedia.ru,"CN=WE1,O=Google Trust Services,C=US",v3,31407692696525122396585026442087551091,2024-07-28 21:33:44,2024-10-26 21:33:43
sevastopolmedia.ru,"CN=WE1,O=Google Trust Services,C=US","CN=GTS Root R4,O=Google Trust Services LLC,C=US",v3,170074200136485300614847617070429275619,2023-12-13 09:00:00,2029-02-20 14:00:00
sevastopolmedia.ru,"CN=GTS Root R4,O=Google Trust Services LLC,C=US","CN=GlobalSign Root CA,OU=Root CA,O=GlobalSign nv-sa,C=BE",v3,170001980149335831901244157168837298715,2023-11-15 03:43:21,2028-01-28 00:00:42
nrega.nic.in,CN=nrega.nic.in,"CN=R3,O=Let's Encrypt,C=US",v3,280205465957372509897996211221116287039172,2024-06-05 16:22:38,2024-09-03 16:22:37
nrega.nic.in,"CN=R3,O=Let's Encrypt,C=US","CN=ISRG Root X1,O=Internet Security Research Group,C=US",v3,192961496339968674994309121183282847578,2020-09-04 00:00:00,2025-09-15 16:00:00
social1.ne10.uol.com.br,"CN=social1.ne10.uol.com.br,O=Cloudflare\, Inc.,L=San Francisco,ST=California,C=US","CN=Cloudflare Inc ECC CA-3,O=Cloudflare\, Inc.,C=US",v3,12515018452679494978685088395628007594,2023-11-24 00:00:00,2024-11-22 23:59:59
social1.ne10.uol.com.br,"CN=Cloudflare Inc ECC CA-3,O=Cloudflare\, Inc.,C=US","CN=Baltimore CyberTrust Root,OU=CyberTrust,O=Baltimore,C=IE",v3,13580602362388610137601344763287833660,2020-01-27 12:48:08,2024-12-31 23:59:59
m.rp5.ru,CN=*.rp5.ru,"CN=AlphaSSL CA - SHA256 - G4,O=GlobalSign nv-sa,C=BE",v3,268012877109898794547497394,2023-08-30 08:01:41,2024-09-30 08:01:40
m.rp5.ru,"CN=GlobalSign Root CA,OU=Root CA,O=GlobalSign nv-sa,C=BE","CN=GlobalSign Root CA,OU=Root CA,O=GlobalSign nv-sa,C=BE",v3,4835703278459707669005204,1998-09-01 12:00:00,2028-01-28 12:00:00
m.rp5.ru,"CN=AlphaSSL CA - SHA256 - G4,O=GlobalSign nv-sa,C=BE","CN=GlobalSign Root CA,OU=Root CA,O=GlobalSign nv-sa,C=BE",v3,166554658373203964493672915842458540151,2022-10-12 03:49:43,2027-10-12 00:00:00
fontanka.ru,CN=fontanka.ru,"CN=R3,O=Let's Encrypt,C=US",v3,410677209052001741819674385173134841400189,2024-06-05 11:38:20,2024-09-03 11:38:19
fontanka.ru,"CN=R3,O=Let's Encrypt,C=US","CN=ISRG Root X1,O=Internet Security Research Group,C=US",v3,192961496339968674994309121183282847578,2020-09-04 00:00:00,2025-09-15 16:00:00
sed.educacao.sp.gov.br,CN=*.educacao.sp.gov.br,"CN=Go Daddy Secure Certificate Authority - G2,OU=http://certs.godaddy.com/repository/,O=GoDaddy.com\, Inc.,L=Scottsdale,ST=Arizona,C=US",v3,10902161989517779589,2023-11-13 20:52:06,2024-12-14 20:52:06
sed.educacao.sp.gov.br,"CN=Go Daddy Secure Certificate Authority - G2,OU=http://certs.godaddy.com/repository/,O=GoDaddy.com\, Inc.,L=Scottsdale,ST=Arizona,C=US","CN=Go Daddy Root Certificate Authority - G2,O=GoDaddy.com\, Inc.,L=Scottsdale,ST=Arizona,C=US",v3,7,2011-05-03 07:00:00,2031-05-03 07:00:00
sed.educacao.sp.gov.br,"CN=Go Daddy Root Certificate Authority - G2,O=GoDaddy.com\, Inc.,L=Scottsdale,ST=Arizona,C=US","OU=Go Daddy Class 2 Certification Authority,O=The Go Daddy Group\, Inc.,C=US",v3,1828629,2014-01-01 07:00:00,2031-05-30 07:00:00
soccer365.ru,CN=*.soccer365.ru,"CN=AlphaSSL CA - SHA256 - G4,O=GlobalSign nv-sa,C=BE",v3,31659720642127805368531524187,2023-09-29 08:33:27,2024-10-30 08:33:26
soccer365.ru,"CN=AlphaSSL CA - SHA256 - G4,O=GlobalSign nv-sa,C=BE","CN=GlobalSign Root CA,OU=Root CA,O=GlobalSign nv-sa,C=BE",v3,166554658373203964493672915842458540151,2022-10-12 03:49:43,2027-10-12 00:00:00
soccer365.ru,"CN=GlobalSign Root CA,OU=Root CA,O=GlobalSign nv-sa,C=BE","CN=GlobalSign Root CA,OU=Root CA,O=GlobalSign nv-sa,C=BE",v3,4835703278459707669005204,1998-09-01 12:00:00,2028-01-28 12:00:00
railyatri.in,CN=railyatri.in,"CN=WE1,O=Google Trust Services,C=US",v3,193260990322969740203613955618015184999,2024-07-25 06:58:32,2024-10-23 07:58:29
railyatri.in,"CN=WE1,O=Google Trust Services,C=US","CN=GTS Root R4,O=Google Trust Services LLC,C=US",v3,170074200136485300614847617070429275619,2023-12-13 09:00:00,2029-02-20 14:00:00
railyatri.in,"CN=GTS Root R4,O=Google Trust Services LLC,C=US","CN=GlobalSign Root CA,OU=Root CA,O=GlobalSign nv-sa,C=BE",v3,170001980149335831901244157168837298715,2023-11-15 03:43:21,2028-01-28 00:00:42
hh.ru,"CN=*.hh.ru,O=OOO Headhunter,L=Moscow,ST=Moscow,C=RU","CN=GlobalSign RSA OV SSL CA 2018,O=GlobalSign nv-sa,C=BE",v3,36806653454783397119691818482,2024-03-07 14:52:22,2025-04-08 14:52:21
hh.ru,"CN=GlobalSign RSA OV SSL CA 2018,O=GlobalSign nv-sa,C=BE","CN=GlobalSign,O=GlobalSign,OU=GlobalSign Root CA - R3",v3,153000603918210013455007253847,2018-11-21 00:00:00,2028-11-21 00:00:00
pravda.ru,CN=pravda.ru,"CN=WE1,O=Google Trust Services,C=US",v3,9327792067436064436593826873869064161,2024-06-12 03:49:07,2024-09-10 03:49:06
pravda.ru,"CN=WE1,O=Google Trust Services,C=US","CN=GTS Root R4,O=Google Trust Services LLC,C=US",v3,170074200136485300614847617070429275619,2023-12-13 09:00:00,2029-02-20 14:00:00
pravda.ru,"CN=GTS Root R4,O=Google Trust Services LLC,C=US","CN=GlobalSign Root CA,OU=Root CA,O=GlobalSign nv-sa,C=BE",v3,170001980149335831901244157168837298715,2023-11-15 03:43:21,2028-01-28 00:00:42
pfms.nic.in,"CN=pfms.gov.in,O=Controller General of Accounts,L=New Delhi,ST=Delhi,C=IN,2.5.4.5=Government Entity,2.5.4.15=Government Entity,1.3.6.1.4.1.311.60.2.1.3=IN","CN=GeoTrust EV RSA CA G2,O=DigiCert Inc,C=US",v3,5484786349135173482824825991839436309,2024-05-27 00:00:00,2025-06-27 23:59:59
pfms.nic.in,"CN=GeoTrust EV RSA CA G2,O=DigiCert Inc,C=US","CN=DigiCert Global Root G2,OU=www.digicert.com,O=DigiCert Inc,C=US",v3,17778797353455473341574655806399419776,2020-07-02 12:42:57,2030-07-02 12:42:57
doramalive.ru,CN=doramalive.ru,"CN=WE1,O=Google Trust Services,C=US",v3,296314616352775588961437459421851567961,2024-07-19 09:56:39,2024-10-17 10:56:24
doramalive.ru,"CN=WE1,O=Google Trust Services,C=US","CN=GTS Root R4,O=Google Trust Services LLC,C=US",v3,170074200136485300614847617070429275619,2023-12-13 09:00:00,2029-02-20 14:00:00
doramalive.ru,"CN=GTS Root R4,O=Google Trust Services LLC,C=US","CN=GlobalSign Root CA,OU=Root CA,O=GlobalSign nv-sa,C=BE",v3,170001980149335831901244157168837298715,2023-11-15 03:43:21,2028-01-28 00:00:42
mausam.imd.gov.in,"C=IN,ST=Delhi,L=New Delhi,O=INDIA METEOROLOGICAL DEPARTMENT,CN=*.imd.gov.in","CN=GlobalSign RSA OV SSL CA 2018,O=GlobalSign nv-sa,C=BE",v3,13978395207700755867533687454,2023-08-31 09:26:02,2024-10-01 09:26:01
mausam.imd.gov.in,"CN=GlobalSign RSA OV SSL CA 2018,O=GlobalSign nv-sa,C=BE","CN=GlobalSign,O=GlobalSign,OU=GlobalSign Root CA - R3",v3,153000603918210013455007253847,2018-11-21 00:00:00,2028-11-21 00:00:00
exams.nta.ac.in,CN=*.nta.ac.in,"CN=Go Daddy Secure Certificate Authority - G2,OU=http://certs.godaddy.com/repository/,O=GoDaddy.com\, Inc.,L=Scottsdale,ST=Arizona,C=US",v3,2852858056479429719,2024-05-20 17:14:35,2025-05-20 17:41:54
exams.nta.ac.in,"CN=Go Daddy Secure Certificate Authority - G2,OU=http://certs.godaddy.com/repository/,O=GoDaddy.com\, Inc.,L=Scottsdale,ST=Arizona,C=US","CN=Go Daddy Root Certificate Authority - G2,O=GoDaddy.com\, Inc.,L=Scottsdale,ST=Arizona,C=US",v3,7,2011-05-03 07:00:00,2031-05-03 07:00:00
exams.nta.ac.in,"CN=Go Daddy Root Certificate Authority - G2,O=GoDaddy.com\, Inc.,L=Scottsdale,ST=Arizona,C=US","OU=Go Daddy Class 2 Certification Authority,O=The Go Daddy Group\, Inc.,C=US",v3,1828629,2014-01-01 07:00:00,2031-05-30 07:00:00
exams.nta.ac.in,"OU=Go Daddy Class 2 Certification Authority,O=The Go Daddy Group\, Inc.,C=US","OU=Go Daddy Class 2 Certification Authority,O=The Go Daddy Group\, Inc.,C=US",v3,0,2004-06-29 17:06:20,2034-06-29 17:06:20
news.rambler.ru,CN=*.rambler.ru,"CN=GlobalSign GCC R3 DV TLS CA 2020,O=GlobalSign nv-sa,C=BE",v3,19804737558019944534088243062,2024-05-02 08:41:03,2025-06-03 08:41:02
news.rambler.ru,"CN=GlobalSign GCC R3 DV TLS CA 2020,O=GlobalSign nv-sa,C=BE","CN=GlobalSign,O=GlobalSign,OU=GlobalSign Root CA - R3",v3,159159760133684200934995208963191631770,2020-07-28 00:00:00,2029-03-18 00:00:00
news.rambler.ru,"CN=GlobalSign,O=GlobalSign,OU=GlobalSign Root CA - R3","CN=GlobalSign,O=GlobalSign,OU=GlobalSign Root CA - R3",v3,4835703278459759426209954,2009-03-18 10:00:00,2029-03-18 10:00:00
ria.ru,CN=*.ria.ru,"CN=GlobalSign GCC R3 DV TLS CA 2020,O=GlobalSign nv-sa,C=BE",v3,28264920492492576218365941233,2024-05-06 14:54:42,2025-06-07 14:54:41
ria.ru,"CN=GlobalSign GCC R3 DV TLS CA 2020,O=GlobalSign nv-sa,C=BE","CN=GlobalSign,O=GlobalSign,OU=GlobalSign Root CA - R3",v3,159159760133684200934995208963191631770,2020-07-28 00:00:00,2029-03-18 00:00:00
ssc.nic.in,"CN=ssc.nic.in,O=STAFF SELECTION COMMISSION,L=New Delhi,ST=Delhi,C=IN","CN=GlobalSign RSA OV SSL CA 2018,O=GlobalSign nv-sa,C=BE",v3,17626914489556493327087859244,2023-11-30 12:21:09,2024-12-31 12:21:08
ssc.nic.in,"CN=GlobalSign RSA OV SSL CA 2018,O=GlobalSign nv-sa,C=BE","CN=GlobalSign,O=GlobalSign,OU=GlobalSign Root CA - R3",v3,153000603918210013455007253847,2018-11-21 00:00:00,2028-11-21 00:00:00
xvideos10.blog.br,CN=xvideos10.blog.br,"CN=WE1,O=Google Trust Services,C=US",v3,295415892135792756807858523479702265688,2024-06-16 18:08:53,2024-09-14 18:08:52
xvideos10.blog.br,"CN=WE1,O=Google Trust Services,C=US","CN=GTS Root R4,O=Google Trust Services LLC,C=US",v3,170074200136485300614847617070429275619,2023-12-13 09:00:00,2029-02-20 14:00:00
xvideos10.blog.br,"CN=GTS Root R4,O=Google Trust Services LLC,C=US","CN=GlobalSign Root CA,OU=Root CA,O=GlobalSign nv-sa,C=BE",v3,170001980149335831901244157168837298715,2023-11-15 03:43:21,2028-01-28 00:00:42
rajbhawanyogapledge.in,CN=rajbhawanyogapledge.in,"CN=RapidSSL TLS RSA CA G1,OU=www.digicert.com,O=DigiCert Inc,C=US",v3,5330948537340104266063670036216113940,2024-06-05 00:00:00,2025-06-04 23:59:59
rajbhawanyogapledge.in,"CN=RapidSSL TLS RSA CA G1,OU=www.digicert.com,O=DigiCert Inc,C=US","CN=DigiCert Global Root G2,OU=www.digicert.com,O=DigiCert Inc,C=US",v3,14816627491795588044059060260691382010,2017-11-02 12:24:33,2027-11-02 12:24:33
rajbhawanyogapledge.in,"CN=DigiCert Global Root G2,OU=www.digicert.com,O=DigiCert Inc,C=US","CN=DigiCert Global Root G2,OU=www.digicert.com,O=DigiCert Inc,C=US",v3,4293743540046975378534879503202253541,2013-08-01 12:00:00,2038-01-15 12:00:00
ssc.gov.in,"CN=ssc.gov.in,O=STAFF SELECTION COMMISSION,L=New Delhi,ST=Delhi,C=IN","CN=GlobalSign RSA OV SSL CA 2018,O=GlobalSign nv-sa,C=BE",v3,32065973465020232877098770281,2024-02-12 08:41:04,2025-03-15 08:41:03
ssc.gov.in,"CN=GlobalSign RSA OV SSL CA 2018,O=GlobalSign nv-sa,C=BE","CN=GlobalSign,O=GlobalSign,OU=GlobalSign Root CA - R3",v3,153000603918210013455007253847,2018-11-21 00:00:00,2028-11-21 00:00:00
espn.com.br,CN=*.espn.com.br,"CN=Amazon RSA 2048 M03,O=Amazon,C=US",v3,2786364635527512066993837003349055468,2023-11-18 00:00:00,2024-12-15 23:59:59
espn.com.br,"CN=Amazon RSA 2048 M03,O=Amazon,C=US","CN=Amazon Root CA 1,O=Amazon,C=US",v3,166129356476704345391986644047206454194698629,2022-08-23 22:26:04,2030-08-23 22:26:04
espn.com.br,"CN=Amazon Root CA 1,O=Amazon,C=US","CN=Starfield Services Root Certificate Authority - G2,O=Starfield Technologies\, Inc.,L=Scottsdale,ST=Arizona,C=US",v3,144918191876577076464031512351042010504348870,2015-05-25 12:00:00,2037-12-31 01:00:00
espn.com.br,"CN=Starfield Services Root Certificate Authority - G2,O=Starfield Technologies\, Inc.,L=Scottsdale,ST=Arizona,C=US","OU=Starfield Class 2 Certification Authority,O=Starfield Technologies\, Inc.,C=US",v3,12037640545166866303,2009-09-02 00:00:00,2034-06-28 17:39:16
pciconcursos.com.br,CN=*.pciconcursos.com.br,"CN=Sectigo RSA Domain Validation Secure Server CA,O=Sectigo Limited,L=Salford,ST=Greater Manchester,C=GB",v3,257087519355929629595046557435023539229,2023-12-10 00:00:00,2025-01-09 23:59:59
pciconcursos.com.br,"CN=Sectigo RSA Domain Validation Secure Server CA,O=Sectigo Limited,L=Salford,ST=Greater Manchester,C=GB","CN=USERTrust RSA Certification Authority,O=The USERTRUST Network,L=Jersey City,ST=New Jersey,C=US",v3,166627644428940058458651716034439089575,2018-11-02 00:00:00,2030-12-31 23:59:59
pciconcursos.com.br,"CN=USERTrust RSA Certification Authority,O=The USERTRUST Network,L=Jersey City,ST=New Jersey,C=US","CN=AAA Certificate Services,O=Comodo CA Limited,L=Salford,ST=Greater Manchester,C=GB",v3,76359301477803385872276235234032301461,2019-03-12 00:00:00,2028-12-31 23:59:59
metroworldnews.com.br,CN=metroworldnews.web.arc-cdn.net,"CN=R11,O=Let's Encrypt,C=US",v3,337303693702566159796834806411109044853820,2024-07-16 16:17:55,2024-10-14 16:17:54
metroworldnews.com.br,"CN=R11,O=Let's Encrypt,C=US","CN=ISRG Root X1,O=Internet Security Research Group,C=US",v3,184083759606652600789093070426744763640,2024-03-13 00:00:00,2027-03-12 23:59:59
mail.yandex.ru,"CN=mail.yandex.ru,O=YANDEX LLC,L=Moscow,ST=Moscow,C=RU","CN=GlobalSign RSA OV SSL CA 2018,O=GlobalSign nv-sa,C=BE",v3,12052842139170626442439566638,2024-05-08 14:15:38,2024-11-05 20:59:59
mail.yandex.ru,"CN=GlobalSign RSA OV SSL CA 2018,O=GlobalSign nv-sa,C=BE","CN=GlobalSign,O=GlobalSign,OU=GlobalSign Root CA - R3",v3,153000603918210013455007253847,2018-11-21 00:00:00,2028-11-21 00:00:00
mail.yandex.ru,"CN=GlobalSign,O=GlobalSign,OU=GlobalSign Root CA - R3","CN=GlobalSign Root CA,OU=Root CA,O=GlobalSign nv-sa,C=BE",v3,153000549611226544087872427626,2018-09-19 00:00:00,2028-01-28 12:00:00
netvasco.com.br,CN=netvasco.com.br,"CN=cPanel\, Inc. Certification Authority,O=cPanel\, Inc.,L=Houston,ST=TX,C=US",v3,205129667672860113110166213756287798102,2024-07-19 00:00:00,2024-10-17 23:59:59
netvasco.com.br,"CN=cPanel\, Inc. Certification Authority,O=cPanel\, Inc.,L=Houston,ST=TX,C=US","CN=COMODO RSA Certification Authority,O=COMODO CA Limited,L=Salford,ST=Greater Manchester,C=GB",v3,319166835672517606797004084363566457944,2015-05-18 00:00:00,2025-05-17 23:59:59
netvasco.com.br,"CN=COMODO RSA Certification Authority,O=COMODO CA Limited,L=Salford,ST=Greater Manchester,C=GB","CN=AAA Certificate Services,O=Comodo CA Limited,L=Salford,ST=Greater Manchester,C=GB",v3,138068127363266052427974132567073013892,2004-01-01 00:00:00,2028-12-31 23:59:59
redbus.in,CN=redbus.in,"CN=Amazon RSA 2048 M02,O=Amazon,C=US",v3,14719945526860309059573484575013988792,2023-12-15 00:00:00,2025-01-12 23:59:59
redbus.in,"CN=Amazon RSA 2048 M02,O=Amazon,C=US","CN=Amazon Root CA 1,O=Amazon,C=US",v3,166129353110899469622597955040406457904926625,2022-08-23 22:25:30,2030-08-23 22:25:30
redbus.in,"CN=Amazon Root CA 1,O=Amazon,C=US","CN=Starfield Services Root Certificate Authority - G2,O=Starfield Technologies\, Inc.,L=Scottsdale,ST=Arizona,C=US",v3,144918191876577076464031512351042010504348870,2015-05-25 12:00:00,2037-12-31 01:00:00
redbus.in,"CN=Starfield Services Root Certificate Authority - G2,O=Starfield Technologies\, Inc.,L=Scottsdale,ST=Arizona,C=US","OU=Starfield Class 2 Certification Authority,O=Starfield Technologies\, Inc.,C=US",v3,12037640545166866303,2009-09-02 00:00:00,2034-06-28 17:39:16
cleartax.in,CN=cleartax.in,"CN=Amazon RSA 2048 M03,O=Amazon,C=US",v3,17893667096325933029429161399626776276,2023-10-15 00:00:00,2024-11-11 23:59:59
cleartax.in,"CN=Amazon RSA 2048 M03,O=Amazon,C=US","CN=Amazon Root CA 1,O=Amazon,C=US",v3,166129356476704345391986644047206454194698629,2022-08-23 22:26:04,2030-08-23 22:26:04
cleartax.in,"CN=Amazon Root CA 1,O=Amazon,C=US","CN=Starfield Services Root Certificate Authority - G2,O=Starfield Technologies\, Inc.,L=Scottsdale,ST=Arizona,C=US",v3,144918191876577076464031512351042010504348870,2015-05-25 12:00:00,2037-12-31 01:00:00
cleartax.in,"CN=Starfield Services Root Certificate Authority - G2,O=Starfield Technologies\, Inc.,L=Scottsdale,ST=Arizona,C=US","OU=Starfield Class 2 Certification Authority,O=Starfield Technologies\, Inc.,C=US",v3,12037640545166866303,2009-09-02 00:00:00,2034-06-28 17:39:16
nobroker.in,CN=*.nobroker.in,"CN=Sectigo RSA Domain Validation Secure Server CA,O=Sectigo Limited,L=Salford,ST=Greater Manchester,C=GB",v3,125745502694810036667788378248362819942,2023-08-09 00:00:00,2024-09-08 23:59:59
nobroker.in,"CN=Sectigo RSA Domain Validation Secure Server CA,O=Sectigo Limited,L=Salford,ST=Greater Manchester,C=GB","CN=USERTrust RSA Certification Authority,O=The USERTRUST Network,L=Jersey City,ST=New Jersey,C=US",v3,166627644428940058458651716034439089575,2018-11-02 00:00:00,2030-12-31 23:59:59
nobroker.in,"CN=USERTrust RSA Certification Authority,O=The USERTRUST Network,L=Jersey City,ST=New Jersey,C=US","CN=USERTrust RSA Certification Authority,O=The USERTRUST Network,L=Jersey City,ST=New Jersey,C=US",v3,2645093764781058787591871645665788717,2010-02-01 00:00:00,2038-01-18 23:59:59
pmmvy.wcd.gov.in,CN=pmmvy.wcd.gov.in,"CN=Amazon RSA 2048 M02,O=Amazon,C=US",v3,1645304751940121281517553081189486147,2024-07-31 00:00:00,2025-08-30 23:59:59
pmmvy.wcd.gov.in,"CN=Amazon RSA 2048 M02,O=Amazon,C=US","CN=Amazon Root CA 1,O=Amazon,C=US",v3,166129353110899469622597955040406457904926625,2022-08-23 22:25:30,2030-08-23 22:25:30
pmmvy.wcd.gov.in,"CN=Amazon Root CA 1,O=Amazon,C=US","CN=Starfield Services Root Certificate Authority - G2,O=Starfield Technologies\, Inc.,L=Scottsdale,ST=Arizona,C=US",v3,144918191876577076464031512351042010504348870,2015-05-25 12:00:00,2037-12-31 01:00:00
pmmvy.wcd.gov.in,"CN=Starfield Services Root Certificate Authority - G2,O=Starfield Technologies\, Inc.,L=Scottsdale,ST=Arizona,C=US","OU=Starfield Class 2 Certification Authority,O=Starfield Technologies\, Inc.,C=US",v3,12037640545166866303,2009-09-02 00:00:00,2034-06-28 17:39:16
angelone.in,CN=angelone.in,"CN=WE1,O=Google Trust Services,C=US",v3,307438747455076451687773720120560618572,2024-06-12 02:25:41,2024-09-10 02:25:40
angelone.in,"CN=WE1,O=Google Trust Services,C=US","CN=GTS Root R4,O=Google Trust Services LLC,C=US",v3,170074200136485300614847617070429275619,2023-12-13 09:00:00,2029-02-20 14:00:00
angelone.in,"CN=GTS Root R4,O=Google Trust Services LLC,C=US","CN=GlobalSign Root CA,OU=Root CA,O=GlobalSign nv-sa,C=BE",v3,170001980149335831901244157168837298715,2023-11-15 03:43:21,2028-01-28 00:00:42
itau.com.br,"CN=www.itau.com.br,O=Itau Unibanco S.A.,L=SÃ£o Paulo,ST=SÃ£o Paulo,C=BR,2.5.4.5=60.701.190/0001-04,2.5.4.15=Private Organization,1.3.6.1.4.1.311.60.2.1.3=BR","CN=DigiCert SHA2 Extended Validation Server CA,OU=www.digicert.com,O=DigiCert Inc,C=US",v3,5939929460973018435310059132291584783,2024-02-16 00:00:00,2025-02-15 23:59:59
itau.com.br,"CN=DigiCert SHA2 Extended Validation Server CA,OU=www.digicert.com,O=DigiCert Inc,C=US","CN=DigiCert High Assurance EV Root CA,OU=www.digicert.com,O=DigiCert Inc,C=US",v3,16582437038678467094619379592629788035,2013-10-22 12:00:00,2028-10-22 12:00:00
enem.inep.gov.br,"CN=enem.inep.gov.br,O=INSTITUTO NAC DE ESTUDOS E PESQ EDUCACIONAIS ANISIO TEIXEIRA,L=BRASILIA,ST=DISTRITO FEDERAL,C=BR","CN=RNP ICPEdu OV SSL CA 2019,O=Rede Nacional de Ensino e Pesquisa - RNP,C=BR",v3,967301465919950490836898986,2024-07-29 12:46:17,2025-08-30 12:46:16
americanas.com.br,CN=*.americanas.com.br,"CN=Site Blindado RSA Domain Validation Secure Server CA 3,O=Site Blindado S.A.,C=BR",v3,27803779563672356159261176516665538589,2024-01-11 00:00:00,2025-02-10 23:59:59
americanas.com.br,"CN=Site Blindado RSA Domain Validation Secure Server CA 3,O=Site Blindado S.A.,C=BR","CN=USERTrust RSA Certification Authority,O=The USERTRUST Network,L=Jersey City,ST=New Jersey,C=US",v3,21507287499009640612621990682443565820,2023-08-02 00:00:00,2033-08-01 23:59:59
americanas.com.br,"CN=USERTrust RSA Certification Authority,O=The USERTRUST Network,L=Jersey City,ST=New Jersey,C=US","CN=AAA Certificate Services,O=Comodo CA Limited,L=Salford,ST=Greater Manchester,C=GB",v3,76359301477803385872276235234032301461,2019-03-12 00:00:00,2028-12-31 23:59:59
americanas.com.br,"CN=AAA Certificate Services,O=Comodo CA Limited,L=Salford,ST=Greater Manchester,C=GB","CN=AAA Certificate Services,O=Comodo CA Limited,L=Salford,ST=Greater Manchester,C=GB",v3,1,2004-01-01 00:00:00,2028-12-31 23:59:59
consultant.ru,CN=*.consultant.ru,"CN=GlobalSign GCC R3 DV TLS CA 2020,O=GlobalSign nv-sa,C=BE",v3,25029256115111190674357883945,2023-12-05 11:47:13,2025-01-05 11:47:12
consultant.ru,"CN=GlobalSign GCC R3 DV TLS CA 2020,O=GlobalSign nv-sa,C=BE","CN=GlobalSign,O=GlobalSign,OU=GlobalSign Root CA - R3",v3,159159760133684200934995208963191631770,2020-07-28 00:00:00,2029-03-18 00:00:00
consultant.ru,"CN=GlobalSign,O=GlobalSign,OU=GlobalSign Root CA - R3","CN=GlobalSign,O=GlobalSign,OU=GlobalSign Root CA - R3",v3,4835703278459759426209954,2009-03-18 10:00:00,2029-03-18 10:00:00
clouda.filesdl.in,CN=filesdl.in,"CN=WE1,O=Google Trust Services,C=US",v3,9831011910542772503961894681310260092,2024-07-10 04:58:02,2024-10-08 04:58:01
clouda.filesdl.in,"CN=WE1,O=Google Trust Services,C=US","CN=GTS Root R4,O=Google Trust Services LLC,C=US",v3,170074200136485300614847617070429275619,2023-12-13 09:00:00,2029-02-20 14:00:00
clouda.filesdl.in,"CN=GTS Root R4,O=Google Trust Services LLC,C=US","CN=GlobalSign Root CA,OU=Root CA,O=GlobalSign nv-sa,C=BE",v3,170001980149335831901244157168837298715,2023-11-15 03:43:21,2028-01-28 00:00:42
drntruhs.in,CN=drntruhs.in,"CN=WE1,O=Google Trust Services,C=US",v3,14947576877232702564479595968750994067,2024-07-08 14:18:22,2024-10-06 14:18:21
drntruhs.in,"CN=WE1,O=Google Trust Services,C=US","CN=GTS Root R4,O=Google Trust Services LLC,C=US",v3,170074200136485300614847617070429275619,2023-12-13 09:00:00,2029-02-20 14:00:00
drntruhs.in,"CN=GTS Root R4,O=Google Trust Services LLC,C=US","CN=GlobalSign Root CA,OU=Root CA,O=GlobalSign nv-sa,C=BE",v3,170001980149335831901244157168837298715,2023-11-15 03:43:21,2028-01-28 00:00:42
clickpetroleoegas.com.br,CN=clickpetroleoegas.com.br,"CN=WE1,O=Google Trust Services,C=US",v3,260834824986002467948221527791442630596,2024-06-23 00:06:50,2024-09-21 00:06:49
clickpetroleoegas.com.br,"CN=WE1,O=Google Trust Services,C=US","CN=GTS Root R4,O=Google Trust Services LLC,C=US",v3,170074200136485300614847617070429275619,2023-12-13 09:00:00,2029-02-20 14:00:00
clickpetroleoegas.com.br,"CN=GTS Root R4,O=Google Trust Services LLC,C=US","CN=GlobalSign Root CA,OU=Root CA,O=GlobalSign nv-sa,C=BE",v3,170001980149335831901244157168837298715,2023-11-15 03:43:21,2028-01-28 00:00:42
seller.wildberries.ru,CN=*.wildberries.ru,"CN=GlobalSign GCC R6 AlphaSSL CA 2023,O=GlobalSign nv-sa,C=BE",v3,23595254951716814118184925090,2024-06-18 08:12:14,2025-07-20 08:12:13
seller.wildberries.ru,"CN=GlobalSign,O=GlobalSign,OU=GlobalSign Root CA - R6","CN=GlobalSign,O=GlobalSign,OU=GlobalSign Root CA - R6",v3,1417766617973444989252670301619537,2014-12-10 00:00:00,2034-12-10 00:00:00
seller.wildberries.ru,"CN=GlobalSign,O=GlobalSign,OU=GlobalSign Root CA - R6","CN=GlobalSign Root CA,OU=Root CA,O=GlobalSign nv-sa,C=BE",v3,155676729040890238189024451768220428940,2019-06-19 00:00:00,2028-01-28 12:00:00
seller.wildberries.ru,"CN=GlobalSign GCC R6 AlphaSSL CA 2023,O=GlobalSign nv-sa,C=BE","CN=GlobalSign,O=GlobalSign,OU=GlobalSign Root CA - R6",v3,168973820516572524429807138621339950720,2023-07-19 03:43:25,2026-07-19 00:00:00
solucoes.receita.fazenda.gov.br,CN=solucoes.receita.fazenda.gov.br,"CN=R3,O=Let's Encrypt,C=US",v3,268134118800159675862629146693645448495029,2024-05-13 17:44:43,2024-08-11 17:44:42
solucoes.receita.fazenda.gov.br,"CN=R3,O=Let's Encrypt,C=US","CN=ISRG Root X1,O=Internet Security Research Group,C=US",v3,192961496339968674994309121183282847578,2020-09-04 00:00:00,2025-09-15 16:00:00
madeiramadeira.com.br,CN=*.madeiramadeira.com.br,"CN=Amazon RSA 2048 M03,O=Amazon,C=US",v3,14284209078291170979212070057318018273,2024-05-11 00:00:00,2025-06-09 23:59:59
madeiramadeira.com.br,"CN=Amazon RSA 2048 M03,O=Amazon,C=US","CN=Amazon Root CA 1,O=Amazon,C=US",v3,166129356476704345391986644047206454194698629,2022-08-23 22:26:04,2030-08-23 22:26:04
madeiramadeira.com.br,"CN=Amazon Root CA 1,O=Amazon,C=US","CN=Starfield Services Root Certificate Authority - G2,O=Starfield Technologies\, Inc.,L=Scottsdale,ST=Arizona,C=US",v3,144918191876577076464031512351042010504348870,2015-05-25 12:00:00,2037-12-31 01:00:00
madeiramadeira.com.br,"CN=Starfield Services Root Certificate Authority - G2,O=Starfield Technologies\, Inc.,L=Scottsdale,ST=Arizona,C=US","OU=Starfield Class 2 Certification Authority,O=Starfield Technologies\, Inc.,C=US",v3,12037640545166866303,2009-09-02 00:00:00,2034-06-28 17:39:16
zr.ru,"CN=*.zr.ru,O=Za Rulem LLC,L=Moscow,ST=Moscow,C=RU","CN=GlobalSign RSA OV SSL CA 2018,O=GlobalSign nv-sa,C=BE",v3,9469949010069873731101360514,2023-11-24 07:45:19,2024-12-25 07:45:18
zr.ru,"CN=GlobalSign RSA OV SSL CA 2018,O=GlobalSign nv-sa,C=BE","CN=GlobalSign,O=GlobalSign,OU=GlobalSign Root CA - R3",v3,153000603918210013455007253847,2018-11-21 00:00:00,2028-11-21 00:00:00
zr.ru,"CN=GlobalSign,O=GlobalSign,OU=GlobalSign Root CA - R3","CN=GlobalSign Root CA,OU=Root CA,O=GlobalSign nv-sa,C=BE",v3,153000549611226544087872427626,2018-09-19 00:00:00,2028-01-28 12:00:00
channel.skyrummy.in,CN=channel.skyrummy.in,"CN=R11,O=Let's Encrypt,C=US",v3,311516192580707604481791598669424758832059,2024-07-15 09:32:08,2024-10-13 09:32:07
channel.skyrummy.in,"CN=R11,O=Let's Encrypt,C=US","CN=ISRG Root X1,O=Internet Security Research Group,C=US",v3,184083759606652600789093070426744763640,2024-03-13 00:00:00,2027-03-12 23:59:59
vuzopedia.ru,CN=vuzopedia.ru,"CN=R3,O=Let's Encrypt,C=US",v3,280142102262549991880668234823889799387087,2024-06-05 22:32:21,2024-09-03 22:32:20
vuzopedia.ru,"CN=R3,O=Let's Encrypt,C=US","CN=ISRG Root X1,O=Internet Security Research Group,C=US",v3,192961496339968674994309121183282847578,2020-09-04 00:00:00,2025-09-15 16:00:00
unionbankonline.co.in,"CN=unionbankonline.co.in,O=Union Bank of India,L=Mumbai,ST=Maharashtra,C=IN,2.5.4.5=government entity,2.5.4.15=Government Entity,1.3.6.1.4.1.311.60.2.1.3=IN","CN=DigiCert EV RSA CA G2,O=DigiCert Inc,C=US",v3,1545407065867492520016507267906293406,2024-02-23 00:00:00,2025-02-07 23:59:59
unionbankonline.co.in,"CN=DigiCert EV RSA CA G2,O=DigiCert Inc,C=US","CN=DigiCert Global Root G2,OU=www.digicert.com,O=DigiCert Inc,C=US",v3,1866937486991856652524426453686399520,2020-07-02 12:42:50,2030-07-02 12:42:50
lance.com.br,CN=lance.com.br,"CN=E6,O=Let's Encrypt,C=US",v3,363037679870214320113439729782533393185970,2024-06-24 23:17:09,2024-09-22 23:17:08
lance.com.br,"CN=E6,O=Let's Encrypt,C=US","CN=ISRG Root X1,O=Internet Security Research Group,C=US",v3,234397126118090224789023519560838753080,2024-03-13 00:00:00,2027-03-12 23:59:59
lance.com.br,"CN=ISRG Root X1,O=Internet Security Research Group,C=US","CN=DST Root CA X3,O=Digital Signature Trust Co.",v3,85078200265644417569109389142156118711,2021-01-20 19:14:03,2024-09-30 18:14:03
m.lenta.ru,CN=*.lenta.ru,"CN=GlobalSign GCC R3 DV TLS CA 2020,O=GlobalSign nv-sa,C=BE",v3,3449176270191873575640546311,2024-01-18 08:27:56,2025-02-18 08:27:55
m.lenta.ru,"CN=GlobalSign GCC R3 DV TLS CA 2020,O=GlobalSign nv-sa,C=BE","CN=GlobalSign,O=GlobalSign,OU=GlobalSign Root CA - R3",v3,159159760133684200934995208963191631770,2020-07-28 00:00:00,2029-03-18 00:00:00
m.lenta.ru,"CN=GlobalSign,O=GlobalSign,OU=GlobalSign Root CA - R3","CN=GlobalSign,O=GlobalSign,OU=GlobalSign Root CA - R3",v3,4835703278459759426209954,2009-03-18 10:00:00,2029-03-18 10:00:00
cets.apsche.ap.gov.in,"CN=cets.apsche.ap.gov.in,O=Andhra Pradesh State Council of Higher Education,L=Guntur,ST=Andhra Pradesh,C=IN,1.3.6.1.4.1.311.60.2.1.2=Andhra Pradesh,1.3.6.1.4.1.311.60.2.1.3=IN,2.5.4.5=Government Entities,2.5.4.15=Government Entity","CN=GlobalSign Extended Validation CA - SHA256 - G3,O=GlobalSign nv-sa,C=BE",v3,29075296679746104995514911185,2023-11-20 10:06:03,2024-12-21 10:06:02
cets.apsche.ap.gov.in,"CN=GlobalSign Extended Validation CA - SHA256 - G3,O=GlobalSign nv-sa,C=BE","CN=GlobalSign,O=GlobalSign,OU=GlobalSign Root CA - R3",v3,1473327796444751899236096917215611,2016-09-21 00:00:00,2026-09-21 00:00:00
m.dzen.ru,"CN=*.dzen.ru,O=VK LLC,L=Moscow,ST=Moscow,C=RU","CN=GlobalSign RSA OV SSL CA 2018,O=GlobalSign nv-sa,C=BE",v3,22219586377521567723379143397,2024-05-06 17:23:28,2025-06-07 17:23:27
m.dzen.ru,"CN=GlobalSign RSA OV SSL CA 2018,O=GlobalSign nv-sa,C=BE","CN=GlobalSign,O=GlobalSign,OU=GlobalSign Root CA - R3",v3,153000603918210013455007253847,2018-11-21 00:00:00,2028-11-21 00:00:00
m.dzen.ru,"CN=GlobalSign,O=GlobalSign,OU=GlobalSign Root CA - R3","CN=GlobalSign Root CA,OU=Root CA,O=GlobalSign nv-sa,C=BE",v3,153000549611226544087872427626,2018-09-19 00:00:00,2028-01-28 12:00:00
careerpower.in,CN=*.careerpower.in,"CN=Amazon RSA 2048 M03,O=Amazon,C=US",v3,8298114267642540882683076002869966847,2024-06-29 00:00:00,2025-07-27 23:59:59
careerpower.in,"CN=Amazon RSA 2048 M03,O=Amazon,C=US","CN=Amazon Root CA 1,O=Amazon,C=US",v3,166129356476704345391986644047206454194698629,2022-08-23 22:26:04,2030-08-23 22:26:04
careerpower.in,"CN=Amazon Root CA 1,O=Amazon,C=US","CN=Starfield Services Root Certificate Authority - G2,O=Starfield Technologies\, Inc.,L=Scottsdale,ST=Arizona,C=US",v3,144918191876577076464031512351042010504348870,2015-05-25 12:00:00,2037-12-31 01:00:00
careerpower.in,"CN=Starfield Services Root Certificate Authority - G2,O=Starfield Technologies\, Inc.,L=Scottsdale,ST=Arizona,C=US","OU=Starfield Class 2 Certification Authority,O=Starfield Technologies\, Inc.,C=US",v3,12037640545166866303,2009-09-02 00:00:00,2034-06-28 17:39:16
kino-teatr.ru,CN=www.kino-teatr.ru,"CN=GlobalSign GCC R3 DV TLS CA 2020,O=GlobalSign nv-sa,C=BE",v3,14941591044443185287913222528,2024-03-01 05:19:35,2025-04-02 05:19:34
kino-teatr.ru,"CN=GlobalSign GCC R3 DV TLS CA 2020,O=GlobalSign nv-sa,C=BE","CN=GlobalSign,O=GlobalSign,OU=GlobalSign Root CA - R3",v3,159159760133684200934995208963191631770,2020-07-28 00:00:00,2029-03-18 00:00:00
kino-teatr.ru,"CN=GlobalSign,O=GlobalSign,OU=GlobalSign Root CA - R3","CN=GlobalSign,O=GlobalSign,OU=GlobalSign Root CA - R3",v3,4835703278459759426209954,2009-03-18 10:00:00,2029-03-18 10:00:00
forum.matrp.ru,CN=forum.matrp.ru,"CN=R10,O=Let's Encrypt,C=US",v3,293533438012376662922786474522510319115864,2024-06-30 16:04:57,2024-09-28 16:04:56
forum.matrp.ru,"CN=R10,O=Let's Encrypt,C=US","CN=ISRG Root X1,O=Internet Security Research Group,C=US",v3,100566080436859127493189557861323994576,2024-03-13 00:00:00,2027-03-12 23:59:59
scholarships.gov.in,CN=scholarships.gov.in,"CN=R3,O=Let's Encrypt,C=US",v3,434361429472024752611604758033858432186040,2024-05-20 04:28:04,2024-08-18 04:28:03
scholarships.gov.in,"CN=R3,O=Let's Encrypt,C=US","CN=ISRG Root X1,O=Internet Security Research Group,C=US",v3,192961496339968674994309121183282847578,2020-09-04 00:00:00,2025-09-15 16:00:00
ibpj.sicredi.com.br,"CN=www.sicredi.com.br,O=Confederacao das Cooperativas do Sicredi - Confederacao Sicredi,L=Porto Alegre,ST=Rio Grande do Sul,C=BR","CN=DigiCert TLS RSA SHA256 2020 CA1,O=DigiCert Inc,C=US",v3,18714352998701696953735027593512319270,2024-02-29 00:00:00,2025-02-28 23:59:59
ibpj.sicredi.com.br,"CN=DigiCert TLS RSA SHA256 2020 CA1,O=DigiCert Inc,C=US","CN=DigiCert Global Root CA,OU=www.digicert.com,O=DigiCert Inc,C=US",v3,9101305761976670746388865003982847684,2021-04-14 00:00:00,2031-04-13 23:59:59
portal6.com.br,CN=portal6.com.br,"CN=WE1,O=Google Trust Services,C=US",v3,9367580260738460417464191567433768288,2024-08-01 00:51:09,2024-10-30 00:51:08
portal6.com.br,"CN=WE1,O=Google Trust Services,C=US","CN=GTS Root R4,O=Google Trust Services LLC,C=US",v3,170074200136485300614847617070429275619,2023-12-13 09:00:00,2029-02-20 14:00:00
portal6.com.br,"CN=GTS Root R4,O=Google Trust Services LLC,C=US","CN=GlobalSign Root CA,OU=Root CA,O=GlobalSign nv-sa,C=BE",v3,170001980149335831901244157168837298715,2023-11-15 03:43:21,2028-01-28 00:00:42
otvet.mail.ru,"C=RU,ST=Moscow,L=Moscow,O=VK LLC,CN=*.otvet.mail.ru","CN=GlobalSign RSA OV SSL CA 2018,O=GlobalSign nv-sa,C=BE",v3,14528107638642369224249077331,2023-09-04 09:05:28,2024-10-05 09:05:27
otvet.mail.ru,"CN=GlobalSign RSA OV SSL CA 2018,O=GlobalSign nv-sa,C=BE","CN=GlobalSign,O=GlobalSign,OU=GlobalSign Root CA - R3",v3,153000603918210013455007253847,2018-11-21 00:00:00,2028-11-21 00:00:00
otvet.mail.ru,"CN=GlobalSign,O=GlobalSign,OU=GlobalSign Root CA - R3","CN=GlobalSign Root CA,OU=Root CA,O=GlobalSign nv-sa,C=BE",v3,153000549611226544087872427626,2018-09-19 00:00:00,2028-01-28 12:00:00
neet.ntaonline.in,CN=*.ntaonline.in,"CN=ZeroSSL RSA Domain Secure Site CA,O=ZeroSSL,C=AT",v3,192546828450548112511167623587102253407,2024-06-07 00:00:00,2024-09-05 23:59:59
neet.ntaonline.in,"CN=ZeroSSL RSA Domain Secure Site CA,O=ZeroSSL,C=AT","CN=USERTrust RSA Certification Authority,O=The USERTRUST Network,L=Jersey City,ST=New Jersey,C=US",v3,144001454485138227352869355710675080895,2020-01-30 00:00:00,2030-01-29 23:59:59
t.rasp.yandex.ru,"CN=rasp.yandex.ru,O=YANDEX LLC,L=Moscow,ST=Moscow,C=RU","CN=GlobalSign RSA OV SSL CA 2018,O=GlobalSign nv-sa,C=BE",v3,12894902973332061617620370194,2024-06-11 21:13:35,2024-12-10 20:59:59
t.rasp.yandex.ru,"CN=GlobalSign RSA OV SSL CA 2018,O=GlobalSign nv-sa,C=BE","CN=GlobalSign,O=GlobalSign,OU=GlobalSign Root CA - R3",v3,153000603918210013455007253847,2018-11-21 00:00:00,2028-11-21 00:00:00
t.rasp.yandex.ru,"CN=GlobalSign,O=GlobalSign,OU=GlobalSign Root CA - R3","CN=GlobalSign Root CA,OU=Root CA,O=GlobalSign nv-sa,C=BE",v3,153000549611226544087872427626,2018-09-19 00:00:00,2028-01-28 12:00:00
irecommend.ru,CN=irecommend.ru,"CN=R11,O=Let's Encrypt,C=US",v3,404538470217864840894928176682617748012966,2024-06-21 12:17:45,2024-09-19 12:17:44
irecommend.ru,"CN=R11,O=Let's Encrypt,C=US","CN=ISRG Root X1,O=Internet Security Research Group,C=US",v3,184083759606652600789093070426744763640,2024-03-13 00:00:00,2027-03-12 23:59:59
bmcnews.com.br,CN=bmcnews.com.br,"CN=WE1,O=Google Trust Services,C=US",v3,73957584206033845595889394729954623753,2024-06-20 11:06:59,2024-09-18 11:06:58
bmcnews.com.br,"CN=WE1,O=Google Trust Services,C=US","CN=GTS Root R4,O=Google Trust Services LLC,C=US",v3,170074200136485300614847617070429275619,2023-12-13 09:00:00,2029-02-20 14:00:00
bmcnews.com.br,"CN=GTS Root R4,O=Google Trust Services LLC,C=US","CN=GlobalSign Root CA,OU=Root CA,O=GlobalSign nv-sa,C=BE",v3,170001980149335831901244157168837298715,2023-11-15 03:43:21,2028-01-28 00:00:42
jalshamoviez.cs.in,CN=jalshamoviez.cs.in,"CN=WE1,O=Google Trust Services,C=US",v3,266275662666742899633798660585075858017,2024-07-27 14:04:19,2024-10-25 14:04:18
jalshamoviez.cs.in,"CN=WE1,O=Google Trust Services,C=US","CN=GTS Root R4,O=Google Trust Services LLC,C=US",v3,170074200136485300614847617070429275619,2023-12-13 09:00:00,2029-02-20 14:00:00
jalshamoviez.cs.in,"CN=GTS Root R4,O=Google Trust Services LLC,C=US","CN=GlobalSign Root CA,OU=Root CA,O=GlobalSign nv-sa,C=BE",v3,170001980149335831901244157168837298715,2023-11-15 03:43:21,2028-01-28 00:00:42
mojapp.in,CN=*.mojapp.in,"CN=Go Daddy Secure Certificate Authority - G2,OU=http://certs.godaddy.com/repository/,O=GoDaddy.com\, Inc.,L=Scottsdale,ST=Arizona,C=US",v3,7296596302482599564,2024-07-08 07:17:06,2025-08-09 07:17:06
mojapp.in,"CN=Go Daddy Secure Certificate Authority - G2,OU=http://certs.godaddy.com/repository/,O=GoDaddy.com\, Inc.,L=Scottsdale,ST=Arizona,C=US","CN=Go Daddy Root Certificate Authority - G2,O=GoDaddy.com\, Inc.,L=Scottsdale,ST=Arizona,C=US",v3,7,2011-05-03 07:00:00,2031-05-03 07:00:00
mojapp.in,"CN=Go Daddy Root Certificate Authority - G2,O=GoDaddy.com\, Inc.,L=Scottsdale,ST=Arizona,C=US","OU=Go Daddy Class 2 Certification Authority,O=The Go Daddy Group\, Inc.,C=US",v3,1828629,2014-01-01 07:00:00,2031-05-30 07:00:00
mojapp.in,"OU=Go Daddy Class 2 Certification Authority,O=The Go Daddy Group\, Inc.,C=US","OU=Go Daddy Class 2 Certification Authority,O=The Go Daddy Group\, Inc.,C=US",v3,0,2004-06-29 17:06:20,2034-06-29 17:06:20
apply.tnpscexams.in,CN=*.tnpscexams.in,"CN=Amazon RSA 2048 M03,O=Amazon,C=US",v3,1618946162165711521291085577756479593,2023-11-28 00:00:00,2024-12-26 23:59:59
apply.tnpscexams.in,"CN=Amazon RSA 2048 M03,O=Amazon,C=US","CN=Amazon Root CA 1,O=Amazon,C=US",v3,166129356476704345391986644047206454194698629,2022-08-23 22:26:04,2030-08-23 22:26:04
apply.tnpscexams.in,"CN=Amazon Root CA 1,O=Amazon,C=US","CN=Starfield Services Root Certificate Authority - G2,O=Starfield Technologies\, Inc.,L=Scottsdale,ST=Arizona,C=US",v3,144918191876577076464031512351042010504348870,2015-05-25 12:00:00,2037-12-31 01:00:00
apply.tnpscexams.in,"CN=Starfield Services Root Certificate Authority - G2,O=Starfield Technologies\, Inc.,L=Scottsdale,ST=Arizona,C=US","OU=Starfield Class 2 Certification Authority,O=Starfield Technologies\, Inc.,C=US",v3,12037640545166866303,2009-09-02 00:00:00,2034-06-28 17:39:16
majhinaukri.in,CN=majhinaukri.in,"CN=Starfield Secure Certificate Authority - G2,OU=http://certs.starfieldtech.com/repository/,O=Starfield Technologies\, Inc.,L=Scottsdale,ST=Arizona,C=US",v3,3603573871938049379,2024-07-19 09:32:50,2025-07-19 09:32:50
majhinaukri.in,"CN=Starfield Secure Certificate Authority - G2,OU=http://certs.starfieldtech.com/repository/,O=Starfield Technologies\, Inc.,L=Scottsdale,ST=Arizona,C=US","CN=Starfield Root Certificate Authority - G2,O=Starfield Technologies\, Inc.,L=Scottsdale,ST=Arizona,C=US",v3,7,2011-05-03 07:00:00,2031-05-03 07:00:00
